main_agency,location,sq_ft,annual_lease,city,state,agency,dt_scrape
DEPARTMENT OF STATE,"MIAMI, FL",3076,112278.0,MIAMI,FL,,2025-03-05-1332
BUREAU OF PRISONS,"CINCINNATI, OH",3068,75739.0,CINCINNATI,OH,,2025-03-05-1332
BUREAU OF PRISONS,"KANSAS CITY, BUREAU OF PRISONS",51138,900000.0,KANSAS CITY,,,2025-03-05-1332
FAS- OFFICE SPAC,"O’FALLON, IL, FAS SERVICE CENTER",4599,99000.0,O’FALLON,IL,FAS SERVICE CENTER,2025-03-05-1332
FAS- OFFICE SPAC,"FAIRBORN, OH, FAS",2983,51000.0,FAIRBORN,OH,FAS,2025-03-05-1332
CENTER FOR DISEASE CONTROL,"ATLANTA, GA, CDC",119812,2473060.0,ATLANTA,GA,CDC,2025-03-05-1332
GENERAL SERVICES ADMINISTRATION,"CHARLOTTESVILLE, VA",3719,124121.0,CHARLOTTESVILLE,VA,,2025-03-05-1332
SOCIAL SECURITY ADMINISTRATION,"WHITE PLAINS, NY",16632,511908.0,WHITE PLAINS,NY,,2025-03-05-1332
GENERAL SERVICES ADMINISTRATION,"ARLINGTON, VA",55043,2595912.0,ARLINGTON,VA,,2025-03-05-1332
DHS OFFICE OF THE UNDERSECRETARY FOR MANAGEMENT,"ARLINGTON, VA",49662,2440578.0,ARLINGTON,VA,,2025-03-05-1332
PBS,"MIDDLEBURG HEIGHTS, OH",5421,96568.0,MIDDLEBURG HEIGHTS,OH,,2025-03-05-1332
BUREAU OF LABOR STATISTICS,"WASHINGTON, DC",845389,26357330.0,WASHINGTON,DC,,2025-03-05-1332
GENERAL SERVICES ADMINISTRATION,"WASHINGTON, DC",46821,2087093.0,WASHINGTON,DC,,2025-03-05-1332
PUBLIC BUILDINGS SERVICE-FIELD OFFICE,"SPRINGFIELD, IL",3860,62102.0,SPRINGFIELD,IL,,2025-03-05-1332
DHS UNITED STATES SECRET SERVICE,"NEW YORK, NY",250,63000.0,NEW YORK,NY,,2025-03-05-1332
GENERAL SERVICES ADMINISTRATION,"RIVERDALE PARK, MD",5598,198065.0,RIVERDALE PARK,MD,,2025-03-05-1332
U.S. IMMIGRATION & CUSTOMS ENFORCEMENT (ICE),"NEW YORK, NY",0,1786302.0,NEW YORK,NY,,2025-03-05-1332
FIELD OFFICES,"WASHINGTON, DC",22195,1052263.0,WASHINGTON,DC,,2025-03-05-1332
U.S. IMMIGRATION & CUSTOMS ENFORCEMENT (ICE),"NEW YORK, NY",0,1834070.0,NEW YORK,NY,,2025-03-05-1332
SOCIAL SECURITY ADMINISTRATION,"LOGAN, WV",7852,196028.0,LOGAN,WV,,2025-03-05-1332
DEPARTMENT OF EDUCATION,"WASHINGTON, DC",5255,266445.0,WASHINGTON,DC,,2025-03-05-1332
DOD -WHS,"LOS ANGELES, CA",6610,463440.0,LOS ANGELES,CA,,2025-03-05-1332
GENERAL SERVICES ADMINISTRATION,"REHOBOTH BEACH, DE",1300,120000.0,REHOBOTH BEACH,DE,,2025-03-05-1332
DHS UNITED STATES SECRET SERVICE,"REHOBOTH BEACH, DE",2400,308975.0,REHOBOTH BEACH,DE,,2025-03-05-1332
DEFENSE INFORMATION SYSTEMS AGENCY,"REHOBOTH BEACH, DE",2740,156300.0,REHOBOTH BEACH,DE,,2025-03-05-1332
DOD -WHS,"WILMINGTON, DE",2350,89250.0,WILMINGTON,DE,,2025-03-05-1332
OFFICE OF THE COMPTROLLER OF THE CURRENCY,"CHAMPAIGN, IL",2958,57893.0,CHAMPAIGN,IL,,2025-03-05-1332
DHS UNITED STATES SECRET SERVICE,"WILMINGTON, DE",13441,528160.0,WILMINGTON,DE,,2025-03-05-1332
DHS UNITED STATES SECRET SERVICE,"PHILADELPHIA, PA",1000,39348.0,PHILADELPHIA,PA,,2025-03-05-1332
DHS UNITED STATES SECRET SERVICE,"WILMINGTON, DE",0,249975.0,WILMINGTON,DE,,2025-03-05-1332
SMALL BUSINESS ADMINISTRATION,"LEBANON, NH",959,29098.0,LEBANON,NH,,2025-03-05-1332
DRUG ENFORCEMENT ADMINISTRATION,"YAKIMA, WA",330,2580.0,YAKIMA,WA,,2025-03-05-1332
GOVERNMENT ACCOUNTABILITY OFFICE,"SEATTLE, WA",23394,1046843.0,SEATTLE,WA,,2025-03-05-1332
SOCIAL SECURITY ADMINISTRATION,"CARLSBAD, CA",3579,116449.0,CARLSBAD,CA,,2025-03-05-1332
DEFENSE COUNTERINTELLIGENCE AND SECURITY AGENCY – DOD W,"JACKSONVILLE, FL",1155,27616.0,JACKSONVILLE,FL,,2025-03-05-1332
DEFENSE CONTRACT MANAGEMENT AGENCY- NATIONAL,"MILWAUKEE, WI",7322,186700.0,MILWAUKEE,WI,,2025-03-05-1332
GENERAL SERVICES ADMINISTRATION,"MIDDLEBURG HEIGHTS, OH",1000,15299.0,MIDDLEBURG HEIGHTS,OH,,2025-03-05-1332
DHS UNITED STATES SECRET SERVICE,"LOS ANGELES, CA",1200,35340.0,LOS ANGELES,CA,,2025-03-05-1332
GENERAL SERVICES ADMINISTRATION,"LOS ANGELES, CA",16439,599399.0,LOS ANGELES,CA,,2025-03-05-1332
PUBLIC DEFENDER SERVICE,"PHOENIX, AZ",46567,1168475.0,PHOENIX,AZ,,2025-03-05-1332
GENERAL SERVICES ADMINISTRATION,"PHOENIX, AZ",2193,44990.0,PHOENIX,AZ,,2025-03-05-1332
GENERAL SERVICES ADMINISTRATION,"BREA, CA",2551,73826.0,BREA,CA,,2025-03-05-1332
RISK MANAGEMENT AGENCY (RMA),"TOPEKA, KS",5560,121818.0,TOPEKA,KS,,2025-03-05-1332
DHS TRANSPORTATION SECURITY ADMINISTRATION,"ABILENE, TX",4998,68743.0,ABILENE,TX,,2025-03-05-1332
U.S. IMMIGRATION & CUSTOMS ENFORCEMENT (ICE),"AUSTIN, TX",0,139440.0,AUSTIN,TX,,2025-03-05-1332
UNITED STATES TRUSTEES,"DAYTON, OH",2257,33574.0,DAYTON,OH,,2025-03-05-1332
"EMPLOY. AND TRAIN. ADMIN., BUR. OF APPRENTICESHIP AND T","DAVENPORT, IA",351,6435.0,DAVENPORT,IA,,2025-03-05-1332
UNITED STATES FISH AND WILDLIFE SERVICE,"MADISON, WI",2871,58142.0,MADISON,WI,,2025-03-05-1332
DEFENSE CONTRACT MANAGEMENT AGENCY- NATIONAL,"AKRON, OH",3201,48404.0,AKRON,OH,,2025-03-05-1332
NATIONAL LABOR RELATIONS BOARD,"BIRMINGHAM, AL",3853,101211.0,BIRMINGHAM,AL,,2025-03-05-1332
"CORPS OF ENGINEERS, CIVIL","MOBILE, AL",23860,722044.0,MOBILE,AL,,2025-03-05-1332
VETERANS BENEFITS ADMINISTRATION,"LAS CRUCES, NM",1120,27109.0,LAS CRUCES,NM,,2025-03-05-1332
DRUG ENFORCEMENT ADMINISTRATION,"NORTH ANDOVER CENTER, MA",5300,115664.0,NORTH ANDOVER CENTER,MA,,2025-03-05-1332
"EMPLOYMENT STANDARDS ADMINISTRATION, WAGE AND HOUR DIVI","FAYETTEVILLE, AR",440,11096.0,FAYETTEVILLE,AR,,2025-03-05-1332
GENERAL SERVICES ADMINISTRATION,"ALBUQUERQUE, NM",5624,67317.0,ALBUQUERQUE,NM,,2025-03-05-1332
FOOD AND DRUG ADMINISTRATION,"ATLANTA, GA",17000,446286.0,ATLANTA,GA,,2025-03-05-1332
SOCIAL SECURITY ADMINISTRATION,"ROANOKE RAPIDS, NC",982,24000.0,ROANOKE RAPIDS,NC,,2025-03-05-1332
RURAL HOUSING SERVICE,"BATESVILLE, AR",3403,51045.0,BATESVILLE,AR,,2025-03-05-1332
NATURAL RESOURCES CONSERVATION SERVICE,"BATESVILLE, AR",1470,22050.0,BATESVILLE,AR,,2025-03-05-1332
FARM SERVICE AGENCY - COUNTY,"BATESVILLE, AR",2891,43365.0,BATESVILLE,AR,,2025-03-05-1332
SOCIAL SECURITY ADMINISTRATION,"BATESVILLE, AR",1934,29010.0,BATESVILLE,AR,,2025-03-05-1332
SOCIAL SECURITY ADMINISTRATION,"COLUMBUS, OH",3999,81059.0,COLUMBUS,OH,,2025-03-05-1332
SOCIAL SECURITY ADMINISTRATION,"OKEMOS, MI",4276,108966.0,OKEMOS,MI,,2025-03-05-1332
UNITED STATES FISH AND WILDLIFE SERVICE,"BROKEN BOW, OK",2325,30612.0,BROKEN BOW,OK,,2025-03-05-1332
DEFENSE CONTRACT MANAGEMENT AGENCY- LOCAL,"ADDISON, TX",8905,217084.0,ADDISON,TX,,2025-03-05-1332
SOCIAL SECURITY ADMINISTRATION,"NACOGDOCHES, TX",1717,43207.0,NACOGDOCHES,TX,,2025-03-05-1332
BUREAU OF INDIAN AFFAIRS,"CARNEGIE, OK",0,2798.0,CARNEGIE,OK,,2025-03-05-1332
NATIONAL ARCHIVES CENTERS,"FAIRFIELD, OH",124569,478213.0,FAIRFIELD,OH,,2025-03-05-1332
BANKRUPTCY CLERK,"COLUMBUS, OH",61371,1512990.0,COLUMBUS,OH,,2025-03-05-1332
PROBATION,"TOLEDO, OH",6834,146733.0,TOLEDO,OH,,2025-03-05-1332
SOCIAL SECURITY ADMINISTRATION,"GREEN BAY, WI",976,26229.0,GREEN BAY,WI,,2025-03-05-1332
GEOLOGICAL SURVEY,"EL PASO, TX",3409,75290.0,EL PASO,TX,,2025-03-05-1332
GEOLOGICAL SURVEY,"MENLO PARK, CA",20000,1800000.0,MENLO PARK,CA,,2025-03-05-1332
NATIONAL ARCHIVES CENTERS,"HOFFMAN ESTATES, IL",73573,1480913.0,HOFFMAN ESTATES,IL,,2025-03-05-1332
GENERAL SERVICES ADMINISTRATION,"HOUSTON, TX",555,13547.0,HOUSTON,TX,,2025-03-05-1332
GENERAL SERVICES ADMINISTRATION,"MCALLEN, TX",2597,79520.0,MCALLEN,TX,,2025-03-05-1332
GENERAL SERVICES ADMINISTRATION,"BROWNSVILLE, TX",748,18287.0,BROWNSVILLE,TX,,2025-03-05-1332
GEOLOGICAL SURVEY,"SANTA MARIA, CA",6440,118513.0,SANTA MARIA,CA,,2025-03-05-1332
GENERAL SERVICES ADMINISTRATION,"WASHINGTON, DC",30193,1462643.0,WASHINGTON,DC,,2025-03-05-1332
DEFENSE CONTRACT MANAGEMENT AGENCY- NATIONAL,"BUFFALO, NY",18163,548896.0,BUFFALO,NY,,2025-03-05-1332
NATIONAL LABOR RELATIONS BOARD,"BUFFALO, NY",37644,1020916.0,BUFFALO,NY,,2025-03-05-1332
GENERAL SERVICES ADMINISTRATION,"WASHINGTON, DC",17593,795617.0,WASHINGTON,DC,,2025-03-05-1332
GENERAL SERVICES ADMINISTRATION,"WASHINGTON, DC",2061,71820.0,WASHINGTON,DC,,2025-03-05-1332
DHS UNITED STATES SECRET SERVICE,"WASHINGTON, DC",0,42000.0,WASHINGTON,DC,,2025-03-05-1332
SOCIAL SECURITY ADMINISTRATION,"LAS VEGAS, NV",1895,65406.0,LAS VEGAS,NV,,2025-03-05-1332
ENVIRONMENTAL PROTECTION AGENCY,"CHARLOTTE AMALIE, VI",1277,67411.0,CHARLOTTE AMALIE,VI,,2025-03-05-1332
GENERAL SERVICES ADMINISTRATION,"AUBURN, CA",1228,31025.0,AUBURN,CA,,2025-03-05-1332
DEFENSE CONTRACT MANAGEMENT AGENCY- NATIONAL,"MERRILL, WI",393,6067.0,MERRILL,WI,,2025-03-05-1332
GENERAL SERVICES ADMINISTRATION,"WASHINGTON, DC",66390,2547874.0,WASHINGTON,DC,,2025-03-05-1332
DHS OFFICE OF THE UNDERSECRETARY FOR MANAGEMENT,"WASHINGTON, DC",59681,2774013.0,WASHINGTON,DC,,2025-03-05-1332
GENERAL SERVICES ADMINISTRATION,"LORTON, VA",15280,342689.0,LORTON,VA,,2025-03-05-1332
FEDERAL TRADE COMMISSION,"ATLANTA, GA",8360,223483.0,ATLANTA,GA,,2025-03-05-1332
FEDERAL TRADE COMMISSION,"WASHINGTON, DC",259130,11466505.0,WASHINGTON,DC,,2025-03-05-1332
DHS-CBP FIELD OPERATIONS FACILITIES,"CHATTANOOGA, TN",1023,19938.0,CHATTANOOGA,TN,,2025-03-05-1332
ALLOWANCE TO FORMER PRESIDENTS,"ATLANTA, GA",7682,128233.0,ATLANTA,GA,,2025-03-05-1332
DEFENSE COUNTERINTELLIGENCE AND SECURITY AGENCY – DOD W,"ST. LOUIS, MO",3392,85087.0,ST. LOUIS,MO,,2025-03-05-1332
,"FOLSOM, CA",1330,39208.0,FOLSOM,CA,,2025-03-05-1332
,"RENSSELAER, NY",115,2500.0,RENSSELAER,NY,,2025-03-05-1332
DEFENSE CONTRACT MANAGEMENT AGENCY- NATIONAL,"SAINT AUGUSTINE, FL",4045,78878.0,SAINT AUGUSTINE,FL,,2025-03-05-1332
MINE SAFETY HEALTH ADMINISTRATION,"CRAIG, CO",4328,184283.0,CRAIG,CO,,2025-03-05-1332
SOCIAL SECURITY ADMINISTRATION,"ROCKFORD, IL",1743,36768.0,ROCKFORD,IL,,2025-03-05-1332
U.S. IMMIGRATION & CUSTOMS ENFORCEMENT (ICE),"ROCK ISLAND, IL",10895,192352.0,ROCK ISLAND,IL,,2025-03-05-1332
FEDERAL BUREAU OF INVESTIGATION,"ST. JOSEPH, MO",1449,34252.0,ST. JOSEPH,MO,,2025-03-05-1332
MINE SAFETY HEALTH ADMINISTRATION,"ARLINGTON, VA",88469,3016102.0,ARLINGTON,VA,,2025-03-05-1332
,"SILVER SPRING, MD",64471,2006132.0,SILVER SPRING,MD,,2025-03-05-1332
,"DERWOOD, MD",29744,884357.0,DERWOOD,MD,,2025-03-05-1332
"FAS, REG 01 FLEET MANAGEMENT FACILITIES","HARTFORD, CT",0,8400.0,HARTFORD,CT,,2025-03-05-1332
EQUAL EMPLOYMENT OPPORTUNITY COMMISSION,"SAN JOSE, CA",5736,306439.0,SAN JOSE,CA,,2025-03-05-1332
NATURAL RESOURCES CONSERVATION SERVICE,"YREKA, CA",6242,126132.0,YREKA,CA,,2025-03-05-1332
SOCIAL SECURITY ADMINISTRATION,"MISSOULA, MT",7915,262922.0,MISSOULA,MT,,2025-03-05-1332
FARM SERVICE AGENCY - COUNTY,"WATERTOWN, SD",7869,238328.0,WATERTOWN,SD,,2025-03-05-1332
SOCIAL SECURITY ADMINISTRATION,"GRAND JUNCTION, CO",7975,273418.0,GRAND JUNCTION,CO,,2025-03-05-1332
SOCIAL SECURITY ADMINISTRATION,"KALISPELL, MT",7699,151400.0,KALISPELL,MT,,2025-03-05-1332
BUREAU OF INDIAN AFFAIRS,"ST. GEORGE, UT",750,50400.0,ST. GEORGE,UT,,2025-03-05-1332
SOCIAL SECURITY ADMINISTRATION,"ROCK SPRINGS, WY",4131,77904.0,ROCK SPRINGS,WY,,2025-03-05-1332
"FAS, REG 08 FLEET MANAGEMENT FACILITIES","BISMARCK, ND",0,2016.0,BISMARCK,ND,,2025-03-05-1332
FARM SERVICE AGENCY- STATE,"FARGO, ND",14800,244940.0,FARGO,ND,,2025-03-05-1332
SOCIAL SECURITY ADMINISTRATION,"MINOT, ND",5950,163718.0,MINOT,ND,,2025-03-05-1332
FEDERAL MEDIATION AND CONCILIATION SERVICE,"COLLIERVILLE, TN",2190,40141.0,COLLIERVILLE,TN,,2025-03-05-1332
SOCIAL SECURITY ADMINISTRATION,"HORSEHEADS, NY",11400,311690.0,HORSEHEADS,NY,,2025-03-05-1332
BORDER PATROL FACILITIES,"SHELBY, MT",16292,363559.0,SHELBY,MT,,2025-03-05-1332
AGRICULTURAL MARKETING SERVICE,"PORTLAND, OR",5485,132796.0,PORTLAND,OR,,2025-03-05-1332
FEDERAL MEDIATION AND CONCILIATION SERVICE,"ST. LOUIS, MO",4237,122625.0,ST. LOUIS,MO,,2025-03-05-1332
SMALL BUSINESS ADMINISTRATION,"MELBOURNE, FL",570,8862.0,MELBOURNE,FL,,2025-03-05-1332
SMALL BUSINESS ADMINISTRATION,"CHICO, CA",315,7560.0,CHICO,CA,,2025-03-05-1332
SOCIAL SECURITY ADMINISTRATION,"ANNISTON, AL",12926,304228.0,ANNISTON,AL,,2025-03-05-1332
BUR OF INDUSTRY & SECURITY,"HERNDON, VA",4539,128333.0,HERNDON,VA,,2025-03-05-1332
FEDERAL MEDIATION AND CONCILIATION SERVICE,"BUFFALO, NY",2178,44352.0,BUFFALO,NY,,2025-03-05-1332
DEPARTMENT OF AIR FORCE,"NORTH CHARLESTON, SC",75000,725132.0,NORTH CHARLESTON,SC,,2025-03-05-1332
SOCIAL SECURITY ADMINISTRATION,"CAMPBELLSVILLE, KY",12750,295794.0,CAMPBELLSVILLE,KY,,2025-03-05-1332
SOCIAL SECURITY ADMINISTRATION,"CULLMAN, AL",7361,180784.0,CULLMAN,AL,,2025-03-05-1332
EQUAL EMPLOYMENT OPPORTUNITY COMMISSION,"MOBILE, AL",5118,112596.0,MOBILE,AL,,2025-03-05-1332
SOCIAL SECURITY ADMINISTRATION,"GADSDEN, AL",1450,32357.0,GADSDEN,AL,,2025-03-05-1332
SOCIAL SECURITY ADMINISTRATION,"JASPER, AL",8919,186411.0,JASPER,AL,,2025-03-05-1332
SOCIAL SECURITY ADMINISTRATION,"COLUMBUS, GA",1632,51023.0,COLUMBUS,GA,,2025-03-05-1332
SOCIAL SECURITY ADMINISTRATION,"GAINESVILLE, GA",17844,506527.0,GAINESVILLE,GA,,2025-03-05-1332
SOCIAL SECURITY ADMINISTRATION,"VIDALIA, GA",10133,228757.0,VIDALIA,GA,,2025-03-05-1332
SOCIAL SECURITY ADMINISTRATION,"BRUNSWICK, GA",9856,215383.0,BRUNSWICK,GA,,2025-03-05-1332
SOCIAL SECURITY ADMINISTRATION,"THOMASVILLE, GA",11150,289139.0,THOMASVILLE,GA,,2025-03-05-1332
GEOLOGICAL SURVEY,"BOULDER, CO",3830,49575.0,BOULDER,CO,,2025-03-05-1332
UNITED STATES MARSHALS SERVICE,"OXFORD, MS",600,9228.0,OXFORD,MS,,2025-03-05-1332
SOCIAL SECURITY ADMINISTRATION,"GRENADA, MS",8946,255140.0,GRENADA,MS,,2025-03-05-1332
NATURAL RESOURCES CONSERVATION SERVICE,"PEARL, MS",7161,112316.0,PEARL,MS,,2025-03-05-1332
SOCIAL SECURITY ADMINISTRATION,"GREENWOOD, MS",11100,263435.0,GREENWOOD,MS,,2025-03-05-1332
SOCIAL SECURITY ADMINISTRATION,"MERIDIAN, MS",9796,229983.0,MERIDIAN,MS,,2025-03-05-1332
SOCIAL SECURITY ADMINISTRATION,"POUGHKEEPSIE, NY",14000,359135.0,POUGHKEEPSIE,NY,,2025-03-05-1332
SAVANNAH RIVER OPERATIONS OFFICE,"AIKEN, SC",2250,42225.0,AIKEN,SC,,2025-03-05-1332
FARM SERVICE AGENCY- STATE,"LEXINGTON-FAYETTE, KY",39235,786167.0,LEXINGTON-FAYETTE,KY,,2025-03-05-1332
EQUAL EMPLOYMENT OPPORTUNITY COMMISSION,"GREENSBORO, NC",5846,107197.0,GREENSBORO,NC,,2025-03-05-1332
SOCIAL SECURITY ADMINISTRATION,"ELIZABETH CITY, NC",7914,200937.0,ELIZABETH CITY,NC,,2025-03-05-1332
NATURAL RESOURCES CONSERVATION SERVICE,"GREENSBORO, NC",30123,731294.0,GREENSBORO,NC,,2025-03-05-1332
SOCIAL SECURITY ADMINISTRATION,"HAZARD, KY",1652,38031.0,HAZARD,KY,,2025-03-05-1332
SOCIAL SECURITY ADMINISTRATION,"GREENWOOD, SC",8727,154546.0,GREENWOOD,SC,,2025-03-05-1332
SOCIAL SECURITY ADMINISTRATION,"LAWTON, OK",9298,223220.0,LAWTON,OK,,2025-03-05-1332
SMALL BUSINESS ADMINISTRATION,"LEXINGTON-FAYETTE, KY",1200,15143.0,LEXINGTON-FAYETTE,KY,,2025-03-05-1332
SOCIAL SECURITY ADMINISTRATION,"FRANKLIN, NC",8895,276309.0,FRANKLIN,NC,,2025-03-05-1332
SOCIAL SECURITY ADMINISTRATION,"MELBOURNE, FL",1415,59697.0,MELBOURNE,FL,,2025-03-05-1332
NATIONAL PARK SERVICE,"LOWELL, MA",3900,44853.0,LOWELL,MA,,2025-03-05-1332
INTERNAL REVENUE SERVICE NATIONAL OFFICE,"LOWELL, MA",36752,1189592.0,LOWELL,MA,,2025-03-05-1332
SOCIAL SECURITY ADMINISTRATION,"ABILENE, TX",1342,26261.0,ABILENE,TX,,2025-03-05-1332
SOCIAL SECURITY ADMINISTRATION,"GREENVILLE, NC",13775,374170.0,GREENVILLE,NC,,2025-03-05-1332
AGRICULTURAL MARKETING SERVICE,"LITTLE ROCK, AR",3974,85875.0,LITTLE ROCK,AR,,2025-03-05-1332
"BUR OF ALCOHOL,TOBACCO,FIREARMS & EXPLOSIVES","RALEIGH, NC",5287,142636.0,RALEIGH,NC,,2025-03-05-1332
AGRICULTURAL MARKETING SERVICE,"IDAHO FALLS, ID",1920,34856.0,IDAHO FALLS,ID,,2025-03-05-1332
SOCIAL SECURITY ADMINISTRATION,"FORREST CITY, AR",12774,387856.0,FORREST CITY,AR,,2025-03-05-1332
NATIONAL OCEANIC ATMOSPHERIC ADMINISTRATION,"SEWARD, AK",922,22665.0,SEWARD,AK,,2025-03-05-1332
NATIONAL OCEANIC ATMOSPHERIC ADMINISTRATION,"JUNEAU, AK",1595,20520.0,JUNEAU,AK,,2025-03-05-1332
NATURAL RESOURCES CONSERVATION SERVICE,"AMHERST, MA",22428,484122.0,AMHERST,MA,,2025-03-05-1332
NATURAL RESOURCES CONSERVATION SERVICE,"ST. JOHNSBURY, VT",5712,137222.0,ST. JOHNSBURY,VT,,2025-03-05-1332
RURAL HOUSING SERVICE,"PALMER, AK",19716,540911.0,PALMER,AK,,2025-03-05-1332
SMALL BUSINESS ADMINISTRATION,"SHOW LOW, AZ",460,11013.0,SHOW LOW,AZ,,2025-03-05-1332
RAILROAD RETIREMENT BOARD,"MESA, AZ",1946,36974.0,MESA,AZ,,2025-03-05-1332
BUREAU OF INDIAN AFFAIRS,"FREDONIA, AZ",1500,22860.0,FREDONIA,AZ,,2025-03-05-1332
DEFENSE COUNTERINTELLIGENCE AND SECURITY AGENCY – DOD W,"PALMDALE, CA",1715,59748.0,PALMDALE,CA,,2025-03-05-1332
AGRICULTURAL MARKETING SERVICE,"LOS ANGELES, CA",1527,40084.0,LOS ANGELES,CA,,2025-03-05-1332
INDIAN HEALTH SERVICE-CALIFORNIA,"ARCATA, CA",1492,37012.0,ARCATA,CA,,2025-03-05-1332
OFFICE OF ADMINISTRATIVE LAW JUDGES,"NEW LONDON, CT",1303,41732.0,NEW LONDON,CT,,2025-03-05-1332
ENVIRONMENTAL PROTECTION AGENCY,"STAMFORD, CT",1380,71191.0,STAMFORD,CT,,2025-03-05-1332
INTERNAL REVENUE SERVICE NATIONAL OFFICE,"HILO, HI",1427,70396.0,HILO,HI,,2025-03-05-1332
ANIMAL AND PLANT HEALTH INSPECTION SERVICE,"SUTTON, MA",1273,33554.0,SUTTON,MA,,2025-03-05-1332
AGRICULTURAL MARKETING SERVICE,"JESSUP, MD",1160,30481.0,JESSUP,MD,,2025-03-05-1332
OFFICE OF INSPECTOR GENERAL,"VENTNOR CITY, NJ",1018,26157.0,VENTNOR CITY,NJ,,2025-03-05-1332
INDIAN HEALTH SERVICE NAVAJO,"FARMINGTON, NM",2000,62677.0,FARMINGTON,NM,,2025-03-05-1332
OFFICE OF SURFACE MINING AND REGULATION ENFORCEMENT,"TULSA, OK",41676,745987.0,TULSA,OK,,2025-03-05-1332
"EMPLOYMENT STANDARDS ADMINISTRATION, WAGE AND HOUR DIVI","STATE COLLEGE, PA",443,12131.0,STATE COLLEGE,PA,,2025-03-05-1332
"EMPLOYMENT STANDARDS ADMINISTRATION, WAGE AND HOUR DIVI","HARLINGEN, TX",612,8748.0,HARLINGEN,TX,,2025-03-05-1332
ANIMAL AND PLANT HEALTH INSPECTION SERVICE,"UVALDE, TX",920,20070.0,UVALDE,TX,,2025-03-05-1332
NATIONAL OCEANIC ATMOSPHERIC ADMINISTRATION,"HAMPTON, VA",911,17890.0,HAMPTON,VA,,2025-03-05-1332
INTERNAL REVENUE SERVICE NATIONAL OFFICE,"BRATTLEBORO, VT",1391,41238.0,BRATTLEBORO,VT,,2025-03-05-1332
NATIONAL OCEANIC ATMOSPHERIC ADMINISTRATION,"SEFFNER, FL",1525,21855.0,SEFFNER,FL,,2025-03-05-1332
NATURAL RESOURCES CONSERVATION SERVICE,"OXNARD, CA",1209,53075.0,OXNARD,CA,,2025-03-05-1332
DEPARTMENTAL MANAGEMENT (IG),"RALEIGH, NC",2324,64157.0,RALEIGH,NC,,2025-03-05-1332
SMALL BUSINESS ADMINISTRATION,"GREENSBORO, NC",648,10928.0,GREENSBORO,NC,,2025-03-05-1332
SOCIAL SECURITY ADMINISTRATION,"TEXARKANA, AR",1436,25643.0,TEXARKANA,AR,,2025-03-05-1332
"CORPS OF ENGINEERS, CIVIL","WILMINGTON, NC",4349,53011.0,WILMINGTON,NC,,2025-03-05-1332
SOCIAL SECURITY ADMINISTRATION,"HOUMA, LA",13152,551751.0,HOUMA,LA,,2025-03-05-1332
SOCIAL SECURITY ADMINISTRATION,"JONESBORO, AR",2340,64998.0,JONESBORO,AR,,2025-03-05-1332
SOCIAL SECURITY ADMINISTRATION,"VICTORIA, TX",11795,320286.0,VICTORIA,TX,,2025-03-05-1332
INTERNAL REVENUE SERVICE NATIONAL OFFICE,"SALEM, OR",9733,262927.0,SALEM,OR,,2025-03-05-1332
GEOLOGICAL SURVEY,"ANCHORAGE, AK",20326,855176.0,ANCHORAGE,AK,,2025-03-05-1332
NATURAL RESOURCES CONSERVATION SERVICE,"FAIRBANKS, AK",4446,144092.0,FAIRBANKS,AK,,2025-03-05-1332
NATURAL RESOURCES CONSERVATION SERVICE,"WASILLA, AK",4200,100700.0,WASILLA,AK,,2025-03-05-1332
FEDERAL HIGHWAY ADMINISTRATION,"BOISE, ID",5179,111193.0,BOISE,ID,,2025-03-05-1332
INTERNAL REVENUE SERVICE NATIONAL OFFICE,"IDAHO FALLS, ID",2925,52743.0,IDAHO FALLS,ID,,2025-03-05-1332
NATIONAL OCEANIC ATMOSPHERIC ADMINISTRATION,"IDAHO FALLS, ID",13681,69756.0,IDAHO FALLS,ID,,2025-03-05-1332
FEDERAL HIGHWAY ADMINISTRATION,"SALEM, OR",6589,158557.0,SALEM,OR,,2025-03-05-1332
FEDERAL MOTOR CARRIER SAFETY ADMINISTRATION,"SALEM, OR",2200,50786.0,SALEM,OR,,2025-03-05-1332
BUREAU OF RECLAMATION,"BEND, OR",3386,94681.0,BEND,OR,,2025-03-05-1332
GEOLOGICAL SURVEY,"CORVALLIS, OR",6849,202142.0,CORVALLIS,OR,,2025-03-05-1332
INTERNAL REVENUE SERVICE NATIONAL OFFICE,"BEND, OR",6156,192066.0,BEND,OR,,2025-03-05-1332
NATURAL RESOURCES CONSERVATION SERVICE,"PUYALLUP, WA",2930,85239.0,PUYALLUP,WA,,2025-03-05-1332
OFFICE OF LABOR MANAGEMENT STANDARDS,"CINCINNATI, OH",4449,102456.0,CINCINNATI,OH,,2025-03-05-1332
NATURAL RESOURCES CONSERVATION SERVICE,"DAYTON, WA",4320,41342.0,DAYTON,WA,,2025-03-05-1332
FARM SERVICE AGENCY - COUNTY,"HENDERSONVILLE, NC",5358,111756.0,HENDERSONVILLE,NC,,2025-03-05-1332
NATURAL RESOURCES CONSERVATION SERVICE,"RATON, NM",2166,32212.0,RATON,NM,,2025-03-05-1332
INTERNAL REVENUE SERVICE NATIONAL OFFICE,"SIOUX CITY, IA",5254,104186.0,SIOUX CITY,IA,,2025-03-05-1332
NATURAL RESOURCES CONSERVATION SERVICE,"LINCOLN, NE",10471,188448.0,LINCOLN,NE,,2025-03-05-1332
NATIONAL PARK SERVICE,"SALT LAKE CITY, UT",3008,94986.0,SALT LAKE CITY,UT,,2025-03-05-1332
UNITED STATES TRUSTEES,"SALT LAKE CITY, UT",8433,261736.0,SALT LAKE CITY,UT,,2025-03-05-1332
NATIONAL LABOR RELATIONS BOARD,"OVERLAND PARK, KS",11057,225718.0,OVERLAND PARK,KS,,2025-03-05-1332
SOCIAL SECURITY ADMINISTRATION,"NASHVILLE, TN",4133,142577.0,NASHVILLE,TN,,2025-03-05-1332
UNITED STATES FISH AND WILDLIFE SERVICE,"FALMOUTH, ME",2999,70616.0,FALMOUTH,ME,,2025-03-05-1332
NATURAL RESOURCES CONSERVATION SERVICE,"LAWRENCE, KS",4846,120110.0,LAWRENCE,KS,,2025-03-05-1332
OFFICE OF U.S. ATTORNEYS,"SIOUX CITY, IA",14366,217139.0,SIOUX CITY,IA,,2025-03-05-1332
OFFICE OF U.S. ATTORNEYS,"CORPUS CHRISTI, TX",17039,409689.0,CORPUS CHRISTI,TX,,2025-03-05-1332
INTERNAL REVENUE SERVICE NATIONAL OFFICE,"BEAUMONT, TX",4819,115076.0,BEAUMONT,TX,,2025-03-05-1332
BUREAU OF INDIAN AFFAIRS,"PAWNEE, OK",7549,156171.0,PAWNEE,OK,,2025-03-05-1332
BUREAU OF INDIAN AFFAIRS,"SEMINOLE, OK",9825,184770.0,SEMINOLE,OK,,2025-03-05-1332
OCCUPATIONAL SAFETY AND HEALTH ADMINISTRATION,"OKLAHOMA CITY, OK",6401,133605.0,OKLAHOMA CITY,OK,,2025-03-05-1332
FOREST SERVICE,"MESA, AZ",7500,305100.0,MESA,AZ,,2025-03-05-1332
BUREAU OF MINERALS MANAGEMENT SERVICE,"NEW ORLEANS, LA",970,17460.0,NEW ORLEANS,LA,,2025-03-05-1332
"EMPLOYMENT STANDARDS ADMINISTRATION, WAGE AND HOUR DIVI","SAN ANTONIO, TX",5036,129035.0,SAN ANTONIO,TX,,2025-03-05-1332
INDIAN HEALTH SERVICE-BEMIDJI,"BEMIDJI, MN",4896,133916.0,BEMIDJI,MN,,2025-03-05-1332
OFFICE OF U.S. ATTORNEYS,"LUFKIN, TX",5449,88956.0,LUFKIN,TX,,2025-03-05-1332
IG FOR TAX ADMINISTRATION,"BATON ROUGE, LA",891,28818.0,BATON ROUGE,LA,,2025-03-05-1332
DEPT OF TREASURY-BUREAU OF THE FISCAL SERVICE,"HYATTSVILLE, MD",76372,2543781.0,HYATTSVILLE,MD,,2025-03-05-1332
INTERNAL REVENUE SERVICE NATIONAL OFFICE,"KNOXVILLE, TN",3703,69357.0,KNOXVILLE,TN,,2025-03-05-1332
INDIAN HEALTH SERVICE -OKLAHOMA,"OKLAHOMA CITY, OK",5000,119951.0,OKLAHOMA CITY,OK,,2025-03-05-1332
GEOLOGICAL SURVEY,"SAN ANGELO, TX",7510,121398.0,SAN ANGELO,TX,,2025-03-05-1332
BUREAU OF INDIAN AFFAIRS,"WATONGA, OK",2850,38573.0,WATONGA,OK,,2025-03-05-1332
OFFICE OF U.S. ATTORNEYS,"TOLEDO, OH",16787,431551.0,TOLEDO,OH,,2025-03-05-1332
EQUAL EMPLOYMENT OPPORTUNITY COMMISSION,"EL PASO, TX",7973,154936.0,EL PASO,TX,,2025-03-05-1332
ANIMAL AND PLANT HEALTH INSPECTION SERVICE,"OKLAHOMA CITY, OK",1609,20113.0,OKLAHOMA CITY,OK,,2025-03-05-1332
FEDERAL TRANSIT ADMINISTRATION,"CHICAGO, IL",13531,471820.0,CHICAGO,IL,,2025-03-05-1332
BUREAU OF MINERALS MANAGEMENT SERVICE,"HOUMA, LA",13865,429459.0,HOUMA,LA,,2025-03-05-1332
DOE-CARLSBAD OFFICE,"CARLSBAD, NM",90850,810599.0,CARLSBAD,NM,,2025-03-05-1332
ANIMAL AND PLANT HEALTH INSPECTION SERVICE,"GLADSTONE, MO",1378,28600.0,GLADSTONE,MO,,2025-03-05-1332
"EMPLOYMENT STANDARDS ADMINISTRATION, WAGE AND HOUR DIVI","LONGVIEW, TX",320,5101.0,LONGVIEW,TX,,2025-03-05-1332
ANIMAL AND PLANT HEALTH INSPECTION SERVICE,"HOUSTON, TX",2520,56866.0,HOUSTON,TX,,2025-03-05-1332
FARM SERVICE AGENCY - COUNTY,"PARAGOULD, AR",4900,90074.0,PARAGOULD,AR,,2025-03-05-1332
NATURAL RESOURCES CONSERVATION SERVICE,"CONWAY, AR",5171,105549.0,CONWAY,AR,,2025-03-05-1332
OFFICE OF U.S. ATTORNEYS,"MUSKOGEE, OK",33119,1272005.0,MUSKOGEE,OK,,2025-03-05-1332
NATIONAL PARK SERVICE,"SAN ANTONIO, TX",14478,284992.0,SAN ANTONIO,TX,,2025-03-05-1332
FOREST SERVICE,"ALBUQUERQUE, NM",22216,448520.0,ALBUQUERQUE,NM,,2025-03-05-1332
BUREAU OF RECLAMATION,"BOISE, ID",79869,1863031.0,BOISE,ID,,2025-03-05-1332
UNITED STATES FISH AND WILDLIFE SERVICE,"GRAND JUNCTION, CO",1444,22360.0,GRAND JUNCTION,CO,,2025-03-05-1332
BUREAU OF INDIAN AFFAIRS,"PABLO, MT",620,10418.0,PABLO,MT,,2025-03-05-1332
FEDERAL MOTOR CARRIER SAFETY ADMINISTRATION,"HELENA, MT",1810,39248.0,HELENA,MT,,2025-03-05-1332
BUREAU OF INDIAN AFFAIRS,"RAPID CITY, SD",1825,53911.0,RAPID CITY,SD,,2025-03-05-1332
OFFICE OF THE SECRETARY,"SIOUX FALLS, SD",2553,67904.0,SIOUX FALLS,SD,,2025-03-05-1332
FARM SERVICE AGENCY - COUNTY,"MONTICELLO, UT",4233,83856.0,MONTICELLO,UT,,2025-03-05-1332
"FED ACQUISITION SRVC REG 04, FLEET MGMT FACILITIES","COCOA, FL",1088,15368.0,COCOA,FL,,2025-03-05-1332
FOOD AND DRUG ADMINISTRATION,"DAVENPORT, IA",695,12312.0,DAVENPORT,IA,,2025-03-05-1332
ANIMAL AND PLANT HEALTH INSPECTION SERVICE,"BOISE, ID",44623,1087629.0,BOISE,ID,,2025-03-05-1332
RAILROAD RETIREMENT BOARD,"JOLIET, IL",1397,17882.0,JOLIET,IL,,2025-03-05-1332
FEDERAL ENERGY REGULATORY COMMISSION,"CARMEL, IN",247,4199.0,CARMEL,IN,,2025-03-05-1332
RAILROAD RETIREMENT BOARD,"WICHITA, KS",1290,32444.0,WICHITA,KS,,2025-03-05-1332
SMALL BUSINESS ADMINISTRATION,"SPRINGFIELD, MA",894,20562.0,SPRINGFIELD,MA,,2025-03-05-1332
AGRICULTURAL MARKETING SERVICE,"EVERETT, MA",2789,121254.0,EVERETT,MA,,2025-03-05-1332
INTERNAL REVENUE SERVICE NATIONAL OFFICE,"OXFORD, MS",1630,32758.0,OXFORD,MS,,2025-03-05-1332
INTERNAL REVENUE SERVICE NATIONAL OFFICE,"SCOTTSBLUFF, NE",2000,29549.0,SCOTTSBLUFF,NE,,2025-03-05-1332
NATIONAL OCEANIC ATMOSPHERIC ADMINISTRATION,"SALEM, OR",236,8040.0,SALEM,OR,,2025-03-05-1332
RURAL HOUSING SERVICE,"HARRISBURG, PA",34467,714397.0,HARRISBURG,PA,,2025-03-05-1332
OCCUPATIONAL SAFETY AND HEALTH ADMINISTRATION,"NASHVILLE, TN",1540,33110.0,NASHVILLE,TN,,2025-03-05-1332
"EMPLOYMENT STANDARDS ADMINISTRATION, WAGE AND HOUR DIVI","RALEIGH, NC",5641,122754.0,RALEIGH,NC,,2025-03-05-1332
SMALL BUSINESS ADMINISTRATION,"WILMINGTON, DE",3390,89176.0,WILMINGTON,DE,,2025-03-05-1332
GEOLOGICAL SURVEY,"DOVER, DE",5724,112332.0,DOVER,DE,,2025-03-05-1332
"EMPLOYMENT STANDARDS ADMINISTRATION, WAGE AND HOUR DIVI","BALTIMORE, MD",9139,254174.0,BALTIMORE,MD,,2025-03-05-1332
INTERNAL REVENUE SERVICE NATIONAL OFFICE,"FREDERICK, MD",3739,78438.0,FREDERICK,MD,,2025-03-05-1332
GEOLOGICAL SURVEY,"HURON, SD",10882,140835.0,HURON,SD,,2025-03-05-1332
DEPARTMENT OF LABOR,"SIOUX FALLS, SD",2638,56165.0,SIOUX FALLS,SD,,2025-03-05-1332
OFFICE OF U.S. ATTORNEYS,"GRAND JUNCTION, CO",3386,74634.0,GRAND JUNCTION,CO,,2025-03-05-1332
UNITED STATES FISH AND WILDLIFE SERVICE,"BISMARCK, ND",21372,429112.0,BISMARCK,ND,,2025-03-05-1332
BUREAU OF INDIAN AFFAIRS,"FORT THOMPSON, SD",4870,58976.0,FORT THOMPSON,SD,,2025-03-05-1332
BUREAU OF INDIAN AFFAIRS,"SISSETON, SD",4911,180008.0,SISSETON,SD,,2025-03-05-1332
MINE SAFETY HEALTH ADMINISTRATION,"GREEN RIVER, WY",2297,47419.0,GREEN RIVER,WY,,2025-03-05-1332
OFFICE OF U.S. ATTORNEYS,"LANDER, WY",4140,97834.0,LANDER,WY,,2025-03-05-1332
FEDERAL HIGHWAY ADMINISTRATION,"LOS ANGELES, CA",7100,313985.0,LOS ANGELES,CA,,2025-03-05-1332
INTERNAL REVENUE SERVICE NATIONAL OFFICE,"FREDERICKSBURG, VA",6162,153098.0,FREDERICKSBURG,VA,,2025-03-05-1332
INTERNAL REVENUE SERVICE NATIONAL OFFICE,"ROANOKE, VA",16693,289115.0,ROANOKE,VA,,2025-03-05-1332
OFFICE OF U.S. ATTORNEYS,"RICHMOND, VA",29333,743171.0,RICHMOND,VA,,2025-03-05-1332
ANIMAL AND PLANT HEALTH INSPECTION SERVICE,"RICHMOND, VA",2986,45955.0,RICHMOND,VA,,2025-03-05-1332
NATIONAL PARK SERVICE,"MARTINSBURG, WV",2230,62811.0,MARTINSBURG,WV,,2025-03-05-1332
INTERNAL REVENUE SERVICE NATIONAL OFFICE,"PARKERSBURG, WV",7671,184015.0,PARKERSBURG,WV,,2025-03-05-1332
NATURAL RESOURCES CONSERVATION SERVICE,"DOVER, NH",6988,136292.0,DOVER,NH,,2025-03-05-1332
FEDERAL HIGHWAY ADMINISTRATION,"MONTPELIER, VT",6600,208688.0,MONTPELIER,VT,,2025-03-05-1332
UNITED STATES TRUSTEES,"LITTLE ROCK, AR",6779,119943.0,LITTLE ROCK,AR,,2025-03-05-1332
NATIONAL PARK SERVICE,"HARRISON, AR",22680,601073.0,HARRISON,AR,,2025-03-05-1332
NATIONAL PARK SERVICE,"CAMP VERDE, AZ",2300,53544.0,CAMP VERDE,AZ,,2025-03-05-1332
UNITED STATES FISH AND WILDLIFE SERVICE,"TUCSON, AZ",4791,126374.0,TUCSON,AZ,,2025-03-05-1332
INTERNAL REVENUE SERVICE NATIONAL OFFICE,"PHOENIX, AZ",99880,2666602.0,PHOENIX,AZ,,2025-03-05-1332
FEDERAL MOTOR CARRIER SAFETY ADMINISTRATION,"NOGALES, AZ",2506,68551.0,NOGALES,AZ,,2025-03-05-1332
EQUAL EMPLOYMENT OPPORTUNITY COMMISSION,"PHOENIX, AZ",22915,562209.0,PHOENIX,AZ,,2025-03-05-1332
FOREST SERVICE,"PHOENIX, AZ",32162,719682.0,PHOENIX,AZ,,2025-03-05-1332
NATURAL RESOURCES CONSERVATION SERVICE,"YUMA, AZ",4541,123878.0,YUMA,AZ,,2025-03-05-1332
"EMPLOY. STANDARDS ADMIN., OFC OF CONTRACT COMPLIANCE PR","SAN DIEGO, CA",6850,339060.0,SAN DIEGO,CA,,2025-03-05-1332
BUR OF INDUSTRY & SECURITY,"IRVINE, CA",13775,503029.0,IRVINE,CA,,2025-03-05-1332
BUREAU OF RECLAMATION,"WEAVERVILLE, CA",4980,182784.0,WEAVERVILLE,CA,,2025-03-05-1332
ENVIRONMENTAL PROTECTION AGENCY,"LOS ANGELES, CA",13541,572420.0,LOS ANGELES,CA,,2025-03-05-1332
BUREAU OF LAND MANAGEMENT,"UKIAH, CA",10862,409268.0,UKIAH,CA,,2025-03-05-1332
INTERNAL REVENUE SERVICE NATIONAL OFFICE,"SAN MATEO, CA",12089,426854.0,SAN MATEO,CA,,2025-03-05-1332
NATIONAL PARK SERVICE,"VENTURA, CA",10855,377727.0,VENTURA,CA,,2025-03-05-1332
OFFICE OF THE INSPECTOR GENERAL,"DIAMOND BAR, CA",3058,118518.0,DIAMOND BAR,CA,,2025-03-05-1332
NATURAL RESOURCES CONSERVATION SERVICE,"WOODLAND, CA",5240,117085.0,WOODLAND,CA,,2025-03-05-1332
GEOLOGICAL SURVEY,"BOULDER, CO",29170,913334.0,BOULDER,CO,,2025-03-05-1332
"CORPS OF ENGINEERS, CIVIL","DURANGO, CO",1245,35074.0,DURANGO,CO,,2025-03-05-1332
INTERNATIONAL TRADE ADMINISTRATION,"MIDDLETOWN, CT",2730,101589.0,MIDDLETOWN,CT,,2025-03-05-1332
RURAL HOUSING SERVICE,"DOVER, DE",28512,576712.0,DOVER,DE,,2025-03-05-1332
FOREST SERVICE,"ATLANTA, GA",49617,1399770.0,ATLANTA,GA,,2025-03-05-1332
INTERNAL REVENUE SERVICE NATIONAL OFFICE,"SAVANNAH, GA",15492,427511.0,SAVANNAH,GA,,2025-03-05-1332
UNITED STATES FISH AND WILDLIFE SERVICE,"ATLANTA, GA",35330,738352.0,ATLANTA,GA,,2025-03-05-1332
SMALL BUSINESS ADMINISTRATION,"ATLANTA, GA",27526,634642.0,ATLANTA,GA,,2025-03-05-1332
FEDERAL ENERGY REGULATORY COMMISSION,"DULUTH, GA",8574,184341.0,DULUTH,GA,,2025-03-05-1332
INTERNAL REVENUE SERVICE NATIONAL OFFICE,"MACON, GA",14039,241967.0,MACON,GA,,2025-03-05-1332
OCCUPATIONAL SAFETY AND HEALTH ADMINISTRATION,"SAVANNAH, GA",4606,97739.0,SAVANNAH,GA,,2025-03-05-1332
GEOLOGICAL SURVEY,"NORCROSS, GA",38395,559009.0,NORCROSS,GA,,2025-03-05-1332
NATURAL RESOURCES CONSERVATION SERVICE,"GRIFFIN, GA",3772,30810.0,GRIFFIN,GA,,2025-03-05-1332
INTERNAL REVENUE SERVICE NATIONAL OFFICE,"WAILUKU HAWAIIAN HOME LAND (HISTORI, HI",5405,317476.0,WAILUKU HAWAIIAN HOME LAND (HISTORI,HI,,2025-03-05-1332
NATIONAL OCEANIC ATMOSPHERIC ADMINISTRATION,"HILO, HI",4638,164391.0,HILO,HI,,2025-03-05-1332
FEDERAL HIGHWAY ADMINISTRATION,"AMES, IA",10056,216276.0,AMES,IA,,2025-03-05-1332
INTERNAL REVENUE SERVICE NATIONAL OFFICE,"CEDAR RAPIDS, IA",6794,149715.0,CEDAR RAPIDS,IA,,2025-03-05-1332
OCCUPATIONAL SAFETY AND HEALTH ADMINISTRATION,"NAPERVILLE, IL",4787,137811.0,NAPERVILLE,IL,,2025-03-05-1332
DEPARTMENTAL MANAGEMENT (IG),"SPRINGFIELD, IL",3253,63848.0,SPRINGFIELD,IL,,2025-03-05-1332
SECURITIES AND EXCHANGE COMMISSION,"CHICAGO, IL",81492,2602276.0,CHICAGO,IL,,2025-03-05-1332
OCCUPATIONAL SAFETY AND HEALTH ADMINISTRATION,"TINLEY PARK, IL",7010,187265.0,TINLEY PARK,IL,,2025-03-05-1332
UNITED STATES TRUSTEES,"PEORIA, IL",5898,102276.0,PEORIA,IL,,2025-03-05-1332
SMALL BUSINESS ADMINISTRATION,"SPRINGFIELD, IL",2022,34756.0,SPRINGFIELD,IL,,2025-03-05-1332
FOOD AND DRUG ADMINISTRATION,"SOUTH BEND, IN",1734,28745.0,SOUTH BEND,IN,,2025-03-05-1332
OFFICE OF THE SECRETARY,"FISHERS, IN",2850,53146.0,FISHERS,IN,,2025-03-05-1332
OFFICE OF THE SECRETARY,"KANSAS CITY, KS",69437,1449511.0,KANSAS CITY,KS,,2025-03-05-1332
OCCUPATIONAL SAFETY AND HEALTH ADMINISTRATION,"OVERLAND PARK, KS",2014,43127.0,OVERLAND PARK,KS,,2025-03-05-1332
FEDERAL HIGHWAY ADMINISTRATION,"TOPEKA, KS",6572,134940.0,TOPEKA,KS,,2025-03-05-1332
UNITED STATES FISH AND WILDLIFE SERVICE,"MANHATTAN, KS",6932,141238.0,MANHATTAN,KS,,2025-03-05-1332
ANIMAL AND PLANT HEALTH INSPECTION SERVICE,"TOPEKA, KS",10187,289898.0,TOPEKA,KS,,2025-03-05-1332
FOOD AND DRUG ADMINISTRATION,"WICHITA, KS",1700,46863.0,WICHITA,KS,,2025-03-05-1332
EQUAL EMPLOYMENT OPPORTUNITY COMMISSION,"KANSAS CITY, KS",14046,278861.0,KANSAS CITY,KS,,2025-03-05-1332
OFFICE OF SURFACE MINING AND REGULATION ENFORCEMENT,"LEXINGTON-FAYETTE, KY",9600,176031.0,LEXINGTON-FAYETTE,KY,,2025-03-05-1332
OFFICE OF U.S. ATTORNEYS,"LONDON, KY",8364,219455.0,LONDON,KY,,2025-03-05-1332
MINE SAFETY HEALTH ADMINISTRATION,"BARBOURVILLE, KY",17709,370008.0,BARBOURVILLE,KY,,2025-03-05-1332
INTERNAL REVENUE SERVICE NATIONAL OFFICE,"PADUCAH, KY",2591,77216.0,PADUCAH,KY,,2025-03-05-1332
MINE SAFETY HEALTH ADMINISTRATION,"BEAVER DAM, KY",2814,65454.0,BEAVER DAM,KY,,2025-03-05-1332
MINE SAFETY HEALTH ADMINISTRATION,"HAZARD, KY",8836,294613.0,HAZARD,KY,,2025-03-05-1332
MINE SAFETY HEALTH ADMINISTRATION,"PRESTONSBURG, KY",7378,143326.0,PRESTONSBURG,KY,,2025-03-05-1332
MINE SAFETY HEALTH ADMINISTRATION,"MADISONVILLE, KY",22362,563240.0,MADISONVILLE,KY,,2025-03-05-1332
INTERNAL REVENUE SERVICE NATIONAL OFFICE,"OWENSBORO, KY",4958,70713.0,OWENSBORO,KY,,2025-03-05-1332
MINE SAFETY HEALTH ADMINISTRATION,"HARLAN, KY",7342,127592.0,HARLAN,KY,,2025-03-05-1332
INTERNAL REVENUE SERVICE NATIONAL OFFICE,"BOWLING GREEN, KY",7564,199239.0,BOWLING GREEN,KY,,2025-03-05-1332
INTERNAL REVENUE SERVICE NATIONAL OFFICE,"HOPKINSVILLE, KY",2646,50300.0,HOPKINSVILLE,KY,,2025-03-05-1332
OCCUPATIONAL SAFETY AND HEALTH ADMINISTRATION,"BATON ROUGE, LA",8041,187451.0,BATON ROUGE,LA,,2025-03-05-1332
NATIONAL OCEANIC ATMOSPHERIC ADMINISTRATION,"BATON ROUGE, LA",2400,71102.0,BATON ROUGE,LA,,2025-03-05-1332
NATIONAL PARK SERVICE,"NEW ORLEANS, LA",2139,46928.0,NEW ORLEANS,LA,,2025-03-05-1332
GEOLOGICAL SURVEY,"NORTHBOROUGH, MA",20893,358733.0,NORTHBOROUGH,MA,,2025-03-05-1332
FOOD AND DRUG ADMINISTRATION,"BOYLSTON, MA",2360,56349.0,BOYLSTON,MA,,2025-03-05-1332
INTERNAL REVENUE SERVICE NATIONAL OFFICE,"WORCESTER, MA",14511,361469.0,WORCESTER,MA,,2025-03-05-1332
INTERNAL REVENUE SERVICE NATIONAL OFFICE,"SOUTHBOROUGH, MA",10787,263862.0,SOUTHBOROUGH,MA,,2025-03-05-1332
UNITED STATES FISH AND WILDLIFE SERVICE,"HADLEY, MA",72220,1590490.0,HADLEY,MA,,2025-03-05-1332
INTERNAL REVENUE SERVICE NATIONAL OFFICE,"SPRINGFIELD, MA",14036,294206.0,SPRINGFIELD,MA,,2025-03-05-1332
ANIMAL AND PLANT HEALTH INSPECTION SERVICE,"BALTIMORE, MD",3404,92753.0,BALTIMORE,MD,,2025-03-05-1332
NATIONAL OCEANIC ATMOSPHERIC ADMINISTRATION,"SALISBURY, MD",826,10882.0,SALISBURY,MD,,2025-03-05-1332
INDIAN HEALTH SERVICE-BEMIDJI,"TRAVERSE CITY, MI",798,28638.0,TRAVERSE CITY,MI,,2025-03-05-1332
ANIMAL AND PLANT HEALTH INSPECTION SERVICE,"SOUTH ST PAUL, MN",2489,48315.0,SOUTH ST PAUL,MN,,2025-03-05-1332
INTERNAL REVENUE SERVICE NATIONAL OFFICE,"ST. CLOUD, MN",3510,81992.0,ST. CLOUD,MN,,2025-03-05-1332
FARM SERVICE AGENCY - COUNTY,"BAUDETTE, MN",2081,22509.0,BAUDETTE,MN,,2025-03-05-1332
INTERNAL REVENUE SERVICE NATIONAL OFFICE,"BLOOMINGTON, MN",26910,653701.0,BLOOMINGTON,MN,,2025-03-05-1332
DEPARTMENT OF EDUCATION,"KANSAS CITY, MO",47639,815767.0,KANSAS CITY,MO,,2025-03-05-1332
UNITED STATES FISH AND WILDLIFE SERVICE,"COLUMBIA, MO",15011,265088.0,COLUMBIA,MO,,2025-03-05-1332
INTERNAL REVENUE SERVICE NATIONAL OFFICE,"JEFFERSON CITY, MO",5343,61913.0,JEFFERSON CITY,MO,,2025-03-05-1332
FEDERAL HIGHWAY ADMINISTRATION,"JEFFERSON CITY, MO",6440,83833.0,JEFFERSON CITY,MO,,2025-03-05-1332
DEPT OF TREASURY-BUREAU OF THE FISCAL SERVICE,"KANSAS CITY, MO",87993,1937762.0,KANSAS CITY,MO,,2025-03-05-1332
UNITED STATES FISH AND WILDLIFE SERVICE,"GREAT FALLS, MT",3310,21021.0,GREAT FALLS,MT,,2025-03-05-1332
ANIMAL AND PLANT HEALTH INSPECTION SERVICE,"BILLINGS, MT",4931,65258.0,BILLINGS,MT,,2025-03-05-1332
INTERNAL REVENUE SERVICE NATIONAL OFFICE,"WILMINGTON, NC",14165,319571.0,WILMINGTON,NC,,2025-03-05-1332
NATURAL RESOURCES CONSERVATION SERVICE,"GOLDSBORO, NC",5881,113418.0,GOLDSBORO,NC,,2025-03-05-1332
INTERNAL REVENUE SERVICE NATIONAL OFFICE,"FAYETTEVILLE, NC",7813,154235.0,FAYETTEVILLE,NC,,2025-03-05-1332
EQUAL EMPLOYMENT OPPORTUNITY COMMISSION,"RALEIGH, NC",10397,306333.0,RALEIGH,NC,,2025-03-05-1332
FARM SERVICE AGENCY - COUNTY,"WILKESBORO, NC",5970,104475.0,WILKESBORO,NC,,2025-03-05-1332
GEOLOGICAL SURVEY,"CHARLOTTE, NC",5316,104520.0,CHARLOTTE,NC,,2025-03-05-1332
NATURAL RESOURCES CONSERVATION SERVICE,"FARGO, ND",8834,206300.0,FARGO,ND,,2025-03-05-1332
GEOLOGICAL SURVEY,"SUNCOOK, PEMBROKE, NH",12560,242102.0,SUNCOOK,,PEMBROKE,2025-03-05-1332
MINE SAFETY HEALTH ADMINISTRATION,"PORTSMOUTH, NH",3161,92478.0,PORTSMOUTH,NH,,2025-03-05-1332
"EMPLOYMENT STANDARDS ADMINISTRATION, WAGE AND HOUR DIVI","MANCHESTER, NH",3201,98552.0,MANCHESTER,NH,,2025-03-05-1332
INTERNATIONAL TRADE ADMINISTRATION,"PORTSMOUTH, NH",1099,31147.0,PORTSMOUTH,NH,,2025-03-05-1332
FEDERAL HIGHWAY ADMINISTRATION,"EWING TOWNSHIP, NJ",7646,216234.0,EWING TOWNSHIP,NJ,,2025-03-05-1332
NATIONAL OCEANIC ATMOSPHERIC ADMINISTRATION,"NORTHFIELD, NJ",1035,29265.0,NORTHFIELD,NJ,,2025-03-05-1332
BUREAU OF INDIAN AFFAIRS,"ZUNI, NM",2117,39819.0,ZUNI,NM,,2025-03-05-1332
NATIONAL PARK SERVICE,"GRANTS, NM",9574,166109.0,GRANTS,NM,,2025-03-05-1332
INDIAN HEALTH SERVICE NAVAJO,"GALLUP, NM",20287,322529.0,GALLUP,NM,,2025-03-05-1332
NATURAL RESOURCES CONSERVATION SERVICE,"GALLUP, NM",2499,61124.0,GALLUP,NM,,2025-03-05-1332
FARM SERVICE AGENCY - COUNTY,"CLOVIS, NM",6590,149959.0,CLOVIS,NM,,2025-03-05-1332
BUREAU OF INDIAN AFFAIRS,"ELKO, NV",4760,134297.0,ELKO,NV,,2025-03-05-1332
FEDERAL TRADE COMMISSION,"CLEVELAND, OH",9340,205829.0,CLEVELAND,OH,,2025-03-05-1332
UNITED STATES FISH AND WILDLIFE SERVICE,"GAHANNA, OH",5292,107200.0,GAHANNA,OH,,2025-03-05-1332
GEOLOGICAL SURVEY,"COLUMBUS, OH",20338,261812.0,COLUMBUS,OH,,2025-03-05-1332
INTERNAL REVENUE SERVICE NATIONAL OFFICE,"MANSFIELD, OH",3738,46239.0,MANSFIELD,OH,,2025-03-05-1332
INTERNAL REVENUE SERVICE NATIONAL OFFICE,"CLEVELAND, OH",18996,397983.0,CLEVELAND,OH,,2025-03-05-1332
GEOLOGICAL SURVEY,"KLAMATH FALLS, OR",8913,72848.0,KLAMATH FALLS,OR,,2025-03-05-1332
INTERNAL REVENUE SERVICE NATIONAL OFFICE,"MEDFORD, OR",5384,175315.0,MEDFORD,OR,,2025-03-05-1332
OFFICE OF PERSONNEL MANAGEMENT,"BOYERS, PA",3450,48277.0,BOYERS,PA,,2025-03-05-1332
GEOLOGICAL SURVEY,"NEW CUMBERLAND, PA",30279,778521.0,NEW CUMBERLAND,PA,,2025-03-05-1332
INTERNAL REVENUE SERVICE NATIONAL OFFICE,"ALTOONA, PA",4192,70597.0,ALTOONA,PA,,2025-03-05-1332
AGRICULTURAL MARKETING SERVICE,"PHILADELPHIA, PA",4823,96460.0,PHILADELPHIA,PA,,2025-03-05-1332
OFFICE OF PERSONNEL MANAGEMENT,"BOYERS, PA",11500,161862.0,BOYERS,PA,,2025-03-05-1332
UNITED STATES FISH AND WILDLIFE SERVICE,"STATE COLLEGE, PA",6700,197699.0,STATE COLLEGE,PA,,2025-03-05-1332
FEDERAL AVIATION ADMINISTRATION,"CORAOPOLIS, PA",10455,235431.0,CORAOPOLIS,PA,,2025-03-05-1332
OFFICE OF PERSONNEL MANAGEMENT,"EAST BUTLER, PA",13991,160369.0,EAST BUTLER,PA,,2025-03-05-1332
SECURITIES AND EXCHANGE COMMISSION,"PHILADELPHIA, PA",44765,1188270.0,PHILADELPHIA,PA,,2025-03-05-1332
DEPARTMENT OF EDUCATION,"PHILADELPHIA, PA",42995,1115051.0,PHILADELPHIA,PA,,2025-03-05-1332
GEOLOGICAL SURVEY,"WILLIAMSPORT, PA",4839,67391.0,WILLIAMSPORT,PA,,2025-03-05-1332
RAILROAD RETIREMENT BOARD,"SCRANTON, PA",1250,32369.0,SCRANTON,PA,,2025-03-05-1332
GEOLOGICAL SURVEY,"DOWNINGTOWN, PA",5452,102968.0,DOWNINGTOWN,PA,,2025-03-05-1332
INTERNAL REVENUE SERVICE NATIONAL OFFICE,"ERIE, PA",5305,102356.0,ERIE,PA,,2025-03-05-1332
FOOD AND DRUG ADMINISTRATION,"WARWICK, RI",4215,107126.0,WARWICK,RI,,2025-03-05-1332
FOOD AND DRUG ADMINISTRATION,"EAST PROVIDENCE, RI",2400,59161.0,EAST PROVIDENCE,RI,,2025-03-05-1332
OFFICE OF U.S. ATTORNEYS,"COLUMBIA, SC",41663,942986.0,COLUMBIA,SC,,2025-03-05-1332
EQUAL EMPLOYMENT OPPORTUNITY COMMISSION,"GREENVILLE, SC",4989,128616.0,GREENVILLE,SC,,2025-03-05-1332
SMALL BUSINESS ADMINISTRATION,"SIOUX FALLS, SD",3810,86777.0,SIOUX FALLS,SD,,2025-03-05-1332
INTERNAL REVENUE SERVICE NATIONAL OFFICE,"FRANKLIN, TN",135373,4602070.0,FRANKLIN,TN,,2025-03-05-1332
FOOD AND DRUG ADMINISTRATION,"NASHVILLE, TN",14004,388552.0,NASHVILLE,TN,,2025-03-05-1332
INTERNAL REVENUE SERVICE NATIONAL OFFICE,"CHATTANOOGA, TN",17786,353845.0,CHATTANOOGA,TN,,2025-03-05-1332
FOOD AND DRUG ADMINISTRATION,"MEMPHIS, TN",12305,323607.0,MEMPHIS,TN,,2025-03-05-1332
GEOLOGICAL SURVEY,"SPOKANE VALLEY, WA",13196,257897.0,SPOKANE VALLEY,WA,,2025-03-05-1332
NATIONAL OCEANIC ATMOSPHERIC ADMINISTRATION,"PORT ANGELES, WA",4556,100232.0,PORT ANGELES,WA,,2025-03-05-1332
INTERNAL REVENUE SERVICE NATIONAL OFFICE,"LA CROSSE, WI",2165,36199.0,LA CROSSE,WI,,2025-03-05-1332
BUREAU OF INDIAN AFFAIRS,"ASHLAND, WI",34970,649408.0,ASHLAND,WI,,2025-03-05-1332
BUREAU OF INDIAN AFFAIRS,"SHAWANO, WI",1990,36395.0,SHAWANO,WI,,2025-03-05-1332
GEOLOGICAL SURVEY,"CHEYENNE, WY",9521,183415.0,CHEYENNE,WY,,2025-03-05-1332
GEOLOGICAL SURVEY,"SAN ANTONIO, TX",20950,463053.0,SAN ANTONIO,TX,,2025-03-05-1332
FOOD AND DRUG ADMINISTRATION,"IRVING, TX",5788,115742.0,IRVING,TX,,2025-03-05-1332
OFFICE OF PERSONNEL MANAGEMENT,"SAN ANTONIO, TX",4775,116130.0,SAN ANTONIO,TX,,2025-03-05-1332
MARITIME ADMINISTRATION,"BEAUMONT, TX",2404,49665.0,BEAUMONT,TX,,2025-03-05-1332
DEPARTMENTAL MANAGEMENT (IG),"SAN ANTONIO, TX",2149,49427.0,SAN ANTONIO,TX,,2025-03-05-1332
NATIONAL PARK SERVICE,"FRITCH, TX",3833,107586.0,FRITCH,TX,,2025-03-05-1332
FEDERAL TRADE COMMISSION,"DALLAS, TX",15255,423186.0,DALLAS,TX,,2025-03-05-1332
NATURAL RESOURCES CONSERVATION SERVICE,"SAN SEBASTIAN, PR",1810,75115.0,SAN SEBASTIAN,PR,,2025-03-05-1332
FARM SERVICE AGENCY- STATE,"MONTGOMERY, AL",30881,608234.0,MONTGOMERY,AL,,2025-03-05-1332
INTERNAL REVENUE SERVICE NATIONAL OFFICE,"MONTGOMERY, AL",12347,251805.0,MONTGOMERY,AL,,2025-03-05-1332
OCCUPATIONAL SAFETY AND HEALTH ADMINISTRATION,"MOBILE, AL",5548,98708.0,MOBILE,AL,,2025-03-05-1332
UNITED STATES FISH AND WILDLIFE SERVICE,"DAPHNE, AL",7087,149655.0,DAPHNE,AL,,2025-03-05-1332
INTERNAL REVENUE SERVICE NATIONAL OFFICE,"BIRMINGHAM, AL",32480,673885.0,BIRMINGHAM,AL,,2025-03-05-1332
INTERNAL REVENUE SERVICE NATIONAL OFFICE,"BIRMINGHAM, AL",7580,217203.0,BIRMINGHAM,AL,,2025-03-05-1332
"EMPLOYMENT STANDARDS ADMINISTRATION, WAGE AND HOUR DIVI","MOBILE, AL",2200,62676.0,MOBILE,AL,,2025-03-05-1332
OFFICE OF U.S. ATTORNEYS,"MONTGOMERY, AL",57815,1751397.0,MONTGOMERY,AL,,2025-03-05-1332
GOVERNMENT ACCOUNTABILITY OFFICE,"HUNTSVILLE, AL",7976,205833.0,HUNTSVILLE,AL,,2025-03-05-1332
NATIONAL PARK SERVICE,"FLAGSTAFF, AZ",6760,242966.0,FLAGSTAFF,AZ,,2025-03-05-1332
FOOD AND DRUG ADMINISTRATION,"TEMPE, AZ",4176,151150.0,TEMPE,AZ,,2025-03-05-1332
INTERNAL REVENUE SERVICE NATIONAL OFFICE,"MESA, AZ",24853,910925.0,MESA,AZ,,2025-03-05-1332
INDIAN HEALTH SERVICE NAVAJO,"SAINT MICHAELS, AZ",40924,1074931.0,SAINT MICHAELS,AZ,,2025-03-05-1332
BUREAU OF INDIAN AFFAIRS,"PHOENIX, AZ",71591,1784239.0,PHOENIX,AZ,,2025-03-05-1332
INTERNAL REVENUE SERVICE NATIONAL OFFICE,"GLENDALE, AZ",18963,724116.0,GLENDALE,AZ,,2025-03-05-1332
"EMPLOY. STANDARDS ADMIN., OFC OF CONTRACT COMPLIANCE PR","ORANGE, CA",2082,82733.0,ORANGE,CA,,2025-03-05-1332
INTERNAL REVENUE SERVICE NATIONAL OFFICE,"SAN MARCOS, CA",20111,855521.0,SAN MARCOS,CA,,2025-03-05-1332
DEPARTMENT OF EDUCATION,"LONG BEACH, CA",7995,329923.0,LONG BEACH,CA,,2025-03-05-1332
BUREAU OF RECLAMATION,"TEMECULA, CA",3531,111187.0,TEMECULA,CA,,2025-03-05-1332
DEPARTMENTAL MANAGEMENT (IG),"MONTEREY PARK, CA",6917,193399.0,MONTEREY PARK,CA,,2025-03-05-1332
BUREAU OF INDIAN AFFAIRS,"REDDING, CA",5307,154103.0,REDDING,CA,,2025-03-05-1332
NATURAL RESOURCES CONSERVATION SERVICE,"SALINAS, CA",7829,172395.0,SALINAS,CA,,2025-03-05-1332
FARM SERVICE AGENCY- STATE,"MADERA, CA",3858,115740.0,MADERA,CA,,2025-03-05-1332
INTERNAL REVENUE SERVICE NATIONAL OFFICE,"THOUSAND OAKS, CA",9362,318224.0,THOUSAND OAKS,CA,,2025-03-05-1332
FAS REG 09 MAINTENANCE CONTROL CENTER,"LOMPOC, CA",5400,127062.0,LOMPOC,CA,,2025-03-05-1332
UNITED STATES TRUSTEES,"RIVERSIDE, CA",5938,191120.0,RIVERSIDE,CA,,2025-03-05-1332
SMALL BUSINESS ADMINISTRATION,"NORWALK, CA",4928,189108.0,NORWALK,CA,,2025-03-05-1332
PIPELINE & HAZARDOUS MATERIALS SAFETY ADMIN (PHMSA),"ONTARIO, CA",8559,253213.0,ONTARIO,CA,,2025-03-05-1332
FOOD AND DRUG ADMINISTRATION,"ONTARIO, CA",5810,140262.0,ONTARIO,CA,,2025-03-05-1332
INTERNAL REVENUE SERVICE NATIONAL OFFICE,"STOCKTON, CA",12015,352524.0,STOCKTON,CA,,2025-03-05-1332
MINE SAFETY HEALTH ADMINISTRATION,"VACAVILLE, CA",11014,348025.0,VACAVILLE,CA,,2025-03-05-1332
INTERNAL REVENUE SERVICE NATIONAL OFFICE,"EL CENTRO, CA",5120,174477.0,EL CENTRO,CA,,2025-03-05-1332
BUREAU OF INDIAN AFFAIRS,"HOLLYWOOD, FL",3000,79365.0,HOLLYWOOD,FL,,2025-03-05-1332
U.S. AGENCY FOR GLOBAL MEDIA,"MIAMI, FL",35927,1483967.0,MIAMI,FL,,2025-03-05-1332
OFFICE OF THE SECRETARY,"MIAMI, FL",2357,69950.0,MIAMI,FL,,2025-03-05-1332
UNITED STATES FISH AND WILDLIFE SERVICE,"DORAL, FL",7747,268096.0,DORAL,FL,,2025-03-05-1332
RURAL HOUSING SERVICE,"OCALA, FL",5591,120502.0,OCALA,FL,,2025-03-05-1332
OFFICE OF U.S. ATTORNEYS,"TAMPA, FL",108007,2794477.0,TAMPA,FL,,2025-03-05-1332
NATIONAL OCEANIC ATMOSPHERIC ADMINISTRATION,"KEY LARGO, FL",7993,252011.0,KEY LARGO,FL,,2025-03-05-1332
BUREAU OF LABOR STATISTICS,"FORT WALTON BEACH, FL",15264,427700.0,FORT WALTON BEACH,FL,,2025-03-05-1332
"CORPS OF ENGINEERS, CIVIL","JACKSONVILLE, FL",196716,4344719.0,JACKSONVILLE,FL,,2025-03-05-1332
NATIONAL PARK SERVICE,"HAGATNA, GU",6959,247740.0,HAGATNA,GU,,2025-03-05-1332
INTERNAL REVENUE SERVICE NATIONAL OFFICE,"QUINCY, IL",2967,57487.0,QUINCY,IL,,2025-03-05-1332
INTERNAL REVENUE SERVICE NATIONAL OFFICE,"CHAMPAIGN, IL",4945,93630.0,CHAMPAIGN,IL,,2025-03-05-1332
OCCUPATIONAL SAFETY AND HEALTH ADMINISTRATION,"FAIRVIEW HEIGHTS, IL",2971,73620.0,FAIRVIEW HEIGHTS,IL,,2025-03-05-1332
FOOD AND DRUG ADMINISTRATION,"PEORIA, IL",1155,19026.0,PEORIA,IL,,2025-03-05-1332
"CORPS OF ENGINEERS, CIVIL","GRIFFITH, IN",3170,85467.0,GRIFFITH,IN,,2025-03-05-1332
INTERNAL REVENUE SERVICE NATIONAL OFFICE,"MARQUETTE, MI",3122,54343.0,MARQUETTE,MI,,2025-03-05-1332
NATIONAL PARK SERVICE,"CRANE LAKE, MN",2512,44476.0,CRANE LAKE,MN,,2025-03-05-1332
NATURAL RESOURCES CONSERVATION SERVICE,"SAIPAN ISLAND, MP",3600,136952.0,SAIPAN ISLAND,MP,,2025-03-05-1332
ENVIRONMENTAL PROTECTION AGENCY,"GULFPORT, MS",8608,198250.0,GULFPORT,MS,,2025-03-05-1332
FOREST SERVICE,"ACKERMAN, MS",4809,71558.0,ACKERMAN,MS,,2025-03-05-1332
OFFICE OF THE INSPECTOR GENERAL,"JACKSON, MS",3043,64148.0,JACKSON,MS,,2025-03-05-1332
UNITED STATES FISH AND WILDLIFE SERVICE,"JACKSON, MS",14840,284889.0,JACKSON,MS,,2025-03-05-1332
NATURAL RESOURCES CONSERVATION SERVICE,"GREENWOOD, MS",7500,123000.0,GREENWOOD,MS,,2025-03-05-1332
INTERNAL REVENUE SERVICE NATIONAL OFFICE,"COLUMBUS, MS",2301,38973.0,COLUMBUS,MS,,2025-03-05-1332
FOOD SAFETY AND INSPECTION SERVICE,"RIDGELAND, MS",7277,144159.0,RIDGELAND,MS,,2025-03-05-1332
BUREAU OF LABOR STATISTICS,"MOUNTAINSIDE, NJ",4876,128580.0,MOUNTAINSIDE,NJ,,2025-03-05-1332
INDIAN HEALTH SERVICE-PHOENIX,"ELKO, NV",853,22240.0,ELKO,NV,,2025-03-05-1332
"EMPLOY. STANDARDS ADMIN., OFC OF WORKERS' COMP. PRGMS","BUFFALO, NY",2168,63475.0,BUFFALO,NY,,2025-03-05-1332
INDIAN HEALTH SERVICE-NASHVILLE,"MANLIUS, NY",2105,37648.0,MANLIUS,NY,,2025-03-05-1332
"EMPLOYMENT STANDARDS ADMINISTRATION, WAGE AND HOUR DIVI","FOREST HILLS, NY",5070,308437.0,FOREST HILLS,NY,,2025-03-05-1332
INTERNAL REVENUE SERVICE NATIONAL OFFICE,"NEW WINDSOR, NY",12034,314988.0,NEW WINDSOR,NY,,2025-03-05-1332
GEOLOGICAL SURVEY,"NEW PHILADELPHIA, OH",2765,52596.0,NEW PHILADELPHIA,OH,,2025-03-05-1332
FOOD AND DRUG ADMINISTRATION,"COLUMBUS, OH",4399,121125.0,COLUMBUS,OH,,2025-03-05-1332
NATURAL RESOURCES CONSERVATION SERVICE,"PORTLAND, OR",4987,86585.0,PORTLAND,OR,,2025-03-05-1332
DEPARTMENT OF HOUSING AND URBAN DEVELOPMENT,"SAN JUAN, PR",3716,153627.0,SAN JUAN,PR,,2025-03-05-1332
INTERNAL REVENUE SERVICE NATIONAL OFFICE,"MAYAGUEZ, PR",2381,75180.0,MAYAGUEZ,PR,,2025-03-05-1332
FARM SERVICE AGENCY - COUNTY,"UTUADO, PR",5750,155653.0,UTUADO,PR,,2025-03-05-1332
RURAL HOUSING SERVICE,"MAYAGUEZ, PR",2991,105463.0,MAYAGUEZ,PR,,2025-03-05-1332
FARM SERVICE AGENCY- STATE,"HATO REY, PR",14875,528245.0,HATO REY,PR,,2025-03-05-1332
FEDERAL HIGHWAY ADMINISTRATION,"SAN JUAN, PR",4951,199214.0,SAN JUAN,PR,,2025-03-05-1332
DEPARTMENTAL MANAGEMENT (IG),"SAN JUAN, PR",4573,185793.0,SAN JUAN,PR,,2025-03-05-1332
ANIMAL AND PLANT HEALTH INSPECTION SERVICE,"HATO REY, PR",20683,552319.0,HATO REY,PR,,2025-03-05-1332
NATIONAL LABOR RELATIONS BOARD,"HATO REY, PR",12409,443557.0,HATO REY,PR,,2025-03-05-1332
INTERNAL REVENUE SERVICE NATIONAL OFFICE,"GUAYNABO, PR",9462,395988.0,GUAYNABO,PR,,2025-03-05-1332
NATURAL RESOURCES CONSERVATION SERVICE,"ARECIBO, PR",4360,176795.0,ARECIBO,PR,,2025-03-05-1332
"EMPLOYMENT STANDARDS ADMINISTRATION, WAGE AND HOUR DIVI","GUAYNABO, PR",5778,289014.0,GUAYNABO,PR,,2025-03-05-1332
FARM SERVICE AGENCY- STATE,"MAYAGUEZ, PR",2678,64524.0,MAYAGUEZ,PR,,2025-03-05-1332
RURAL HOUSING SERVICE,"CHRISTIANSTED, VI",4439,175210.0,CHRISTIANSTED,VI,,2025-03-05-1332
DEPARTMENT OF HOUSING AND URBAN DEVELOPMENT,"BURLINGTON, VT",2343,71954.0,BURLINGTON,VT,,2025-03-05-1332
FOOD AND DRUG ADMINISTRATION,"BALTIMORE, MD",3090,77572.0,BALTIMORE,MD,,2025-03-05-1332
SMALL BUSINESS ADMINISTRATION,"BALTIMORE, MD",6160,130222.0,BALTIMORE,MD,,2025-03-05-1332
FEDERAL MOTOR CARRIER SAFETY ADMINISTRATION,"OLYMPIA, WA",2069,60270.0,OLYMPIA,WA,,2025-03-05-1332
MINE SAFETY HEALTH ADMINISTRATION,"BIRMINGHAM, AL",20554,474215.0,BIRMINGHAM,AL,,2025-03-05-1332
FOREST SERVICE,"MONTGOMERY, AL",15792,274537.0,MONTGOMERY,AL,,2025-03-05-1332
FEDERAL MOTOR CARRIER SAFETY ADMINISTRATION,"MONTGOMERY, AL",2662,59444.0,MONTGOMERY,AL,,2025-03-05-1332
NATIONAL OCEANIC ATMOSPHERIC ADMINISTRATION,"SUNRISE, FL",1858,51429.0,SUNRISE,FL,,2025-03-05-1332
EMPLOYEE BENEFITS SECURITY ADMIN,"PLANTATION, FL",16254,731478.0,PLANTATION,FL,,2025-03-05-1332
FEDERAL MOTOR CARRIER SAFETY ADMINISTRATION,"CHEYENNE, WY",2311,45187.0,CHEYENNE,WY,,2025-03-05-1332
FOREST SERVICE,"ANCHORAGE, AK",27770,1179873.0,ANCHORAGE,AK,,2025-03-05-1332
SMALL BUSINESS ADMINISTRATION,"LITTLE ROCK, AR",17878,316603.0,LITTLE ROCK,AR,,2025-03-05-1332
OFFICE OF U.S. ATTORNEYS,"PHOENIX, AZ",72980,2217818.0,PHOENIX,AZ,,2025-03-05-1332
BUREAU OF THE CENSUS,"TUCSON, AZ",7335,287894.0,TUCSON,AZ,,2025-03-05-1332
BUR OF INDUSTRY & SECURITY,"PHOENIX, AZ",36750,1194475.0,PHOENIX,AZ,,2025-03-05-1332
FOOD AND DRUG ADMINISTRATION,"SAN CLEMENTE, CA",21450,699986.0,SAN CLEMENTE,CA,,2025-03-05-1332
BUREAU OF PRISONS,"STOCKTON, CA",33204,1160491.0,STOCKTON,CA,,2025-03-05-1332
FOOD AND DRUG ADMINISTRATION,"SAN JOSE, CA",4859,220598.0,SAN JOSE,CA,,2025-03-05-1332
INTERNATIONAL TRADE ADMINISTRATION,"SAN DIEGO, CA",3328,90904.0,SAN DIEGO,CA,,2025-03-05-1332
ANIMAL AND PLANT HEALTH INSPECTION SERVICE,"FORT COLLINS, CO",7803,312042.0,FORT COLLINS,CO,,2025-03-05-1332
"CORPS OF ENGINEERS, CIVIL","LAKEWOOD, CO",21015,448920.0,LAKEWOOD,CO,,2025-03-05-1332
ENVIRONMENTAL PROTECTION AGENCY,"CASTLE ROCK, CO",10800,291265.0,CASTLE ROCK,CO,,2025-03-05-1332
FOREST SERVICE,"FORT COLLINS, CO",43599,606301.0,FORT COLLINS,CO,,2025-03-05-1332
OFFICE OF THE SECRETARY,"DENVER, CO",86809,2905174.0,DENVER,CO,,2025-03-05-1332
INTERNATIONAL TRADE ADMINISTRATION,"DENVER, CO",3885,161893.0,DENVER,CO,,2025-03-05-1332
ANIMAL AND PLANT HEALTH INSPECTION SERVICE,"WALLINGFORD, CT",2711,80590.0,WALLINGFORD,CT,,2025-03-05-1332
FOOD AND DRUG ADMINISTRATION,"WILMINGTON, DE",3464,95385.0,WILMINGTON,DE,,2025-03-05-1332
FEDERAL RAILROAD ADMINISTRATION,"WILMINGTON, DE",2950,84288.0,WILMINGTON,DE,,2025-03-05-1332
OCCUPATIONAL SAFETY AND HEALTH ADMINISTRATION,"WILMINGTON, DE",2099,52837.0,WILMINGTON,DE,,2025-03-05-1332
"EMPLOYMENT STANDARDS ADMINISTRATION, WAGE AND HOUR DIVI","PENSACOLA, FL",690,18036.0,PENSACOLA,FL,,2025-03-05-1332
OFFICE OF U.S. ATTORNEYS,"OCALA, FL",8542,206876.0,OCALA,FL,,2025-03-05-1332
FOREST SERVICE,"TALLAHASSEE, FL",17770,316799.0,TALLAHASSEE,FL,,2025-03-05-1332
FOOD AND DRUG ADMINISTRATION,"PLANTATION, FL",14691,414703.0,PLANTATION,FL,,2025-03-05-1332
FOOD AND DRUG ADMINISTRATION,"TALLAHASSEE, FL",1440,39290.0,TALLAHASSEE,FL,,2025-03-05-1332
"EMPLOYMENT STANDARDS ADMINISTRATION, WAGE AND HOUR DIVI","SAVANNAH, GA",1848,39214.0,SAVANNAH,GA,,2025-03-05-1332
GOVERNMENT ACCOUNTABILITY OFFICE,"ATLANTA, GA",22296,487199.0,ATLANTA,GA,,2025-03-05-1332
OFFICE OF THE SECRETARY,"ATLANTA, GA",3354,77081.0,ATLANTA,GA,,2025-03-05-1332
BUREAU OF PRISONS,"ATLANTA, GA",34146,863726.0,ATLANTA,GA,,2025-03-05-1332
ANIMAL AND PLANT HEALTH INSPECTION SERVICE,"BARRIGADA, GU",4222,182523.0,BARRIGADA,GU,,2025-03-05-1332
NATIONAL OCEANIC ATMOSPHERIC ADMINISTRATION,"BOISE, ID",5156,111448.0,BOISE,ID,,2025-03-05-1332
OFFICE OF U.S. ATTORNEYS,"PEORIA, IL",21631,669873.0,PEORIA,IL,,2025-03-05-1332
RURAL HOUSING SERVICE,"TOPEKA, KS",10020,230522.0,TOPEKA,KS,,2025-03-05-1332
OFFICE OF THE SECRETARY,"LOUISVILLE, KY",2184,38239.0,LOUISVILLE,KY,,2025-03-05-1332
DEPARTMENTAL MANAGEMENT (IG),"LOUISVILLE, KY",2463,51674.0,LOUISVILLE,KY,,2025-03-05-1332
INDIAN HEALTH SERVICE-NASHVILLE,"OPELOUSAS, LA",1029,25015.0,OPELOUSAS,LA,,2025-03-05-1332
OCCUPATIONAL SAFETY AND HEALTH ADMINISTRATION,"ANDOVER, MA",4903,140716.0,ANDOVER,MA,,2025-03-05-1332
"EMPLOYMENT STANDARDS ADMINISTRATION, WAGE AND HOUR DIVI","SPRINGFIELD, MA",599,9995.0,SPRINGFIELD,MA,,2025-03-05-1332
ANIMAL AND PLANT HEALTH INSPECTION SERVICE,"UXBRIDGE, MA",4852,101811.0,UXBRIDGE,MA,,2025-03-05-1332
FARM SERVICE AGENCY- STATE,"ANNAPOLIS, MD",5300,158978.0,ANNAPOLIS,MD,,2025-03-05-1332
RURAL HOUSING SERVICE,"BANGOR, ME",22417,560526.0,BANGOR,ME,,2025-03-05-1332
DEPARTMENTAL MANAGEMENT (IG),"GRAND RAPIDS, MI",2145,51742.0,GRAND RAPIDS,MI,,2025-03-05-1332
AGRICULTURAL MARKETING SERVICE,"DETROIT, MI",856,17120.0,DETROIT,MI,,2025-03-05-1332
INDIAN HEALTH SERVICE-BEMIDJI,"SAULT STE MARIE, MI",1100,34375.0,SAULT STE MARIE,MI,,2025-03-05-1332
"EMPLOYMENT STANDARDS ADMINISTRATION, WAGE AND HOUR DIVI","MINNEAPOLIS, MN",3499,99407.0,MINNEAPOLIS,MN,,2025-03-05-1332
"EMPLOY. STANDARDS ADMIN., OFC OF CONTRACT COMPLIANCE PR","MINNEAPOLIS, MN",4256,136192.0,MINNEAPOLIS,MN,,2025-03-05-1332
NATURAL RESOURCES CONSERVATION SERVICE,"COLUMBIA, MO",52257,813748.0,COLUMBIA,MO,,2025-03-05-1332
OFFICE OF THE SECRETARY,"KANSAS CITY, MO",11465,267450.0,KANSAS CITY,MO,,2025-03-05-1332
INTERNATIONAL TRADE ADMINISTRATION,"KANSAS CITY, MO",1995,41260.0,KANSAS CITY,MO,,2025-03-05-1332
FOOD AND DRUG ADMINISTRATION,"ST. LOUIS, MO",51963,2457367.0,ST. LOUIS,MO,,2025-03-05-1332
SMALL BUSINESS ADMINISTRATION,"KANSAS CITY, MO",9549,203156.0,KANSAS CITY,MO,,2025-03-05-1332
NATURAL RESOURCES CONSERVATION SERVICE,"MISSOULA, MT",8310,275892.0,MISSOULA,MT,,2025-03-05-1332
ENVIRONMENTAL PROTECTION AGENCY,"CHARLOTTE, NC",2154,67647.0,CHARLOTTE,NC,,2025-03-05-1332
ANIMAL AND PLANT HEALTH INSPECTION SERVICE,"BISMARCK, ND",28954,546859.0,BISMARCK,ND,,2025-03-05-1332
SMALL BUSINESS ADMINISTRATION,"OMAHA, NE",5756,135578.0,OMAHA,NE,,2025-03-05-1332
FOOD AND NUTRITION SERVICE (FNS),"ROBBINSVILLE, NJ",28930,488641.0,ROBBINSVILLE,NJ,,2025-03-05-1332
RURAL HOUSING SERVICE,"MT LAUREL, NJ",7111,145162.0,MT LAUREL,NJ,,2025-03-05-1332
"EMPLOYMENT STANDARDS ADMINISTRATION, WAGE AND HOUR DIVI","LAWRENCEVILLE, NJ",3420,87934.0,LAWRENCEVILLE,NJ,,2025-03-05-1332
FOREST SERVICE,"SILVER CITY, NM",29554,544570.0,SILVER CITY,NM,,2025-03-05-1332
FARM SERVICE AGENCY - COUNTY,"ROSWELL, NM",5635,88639.0,ROSWELL,NM,,2025-03-05-1332
INTERNATIONAL TRADE ADMINISTRATION,"WHITE PLAINS, NY",2071,67169.0,WHITE PLAINS,NY,,2025-03-05-1332
MINE SAFETY HEALTH ADMINISTRATION,"GENEVA, NY",4046,52194.0,GENEVA,NY,,2025-03-05-1332
SMALL BUSINESS ADMINISTRATION,"CINCINNATI, OH",2247,49014.0,CINCINNATI,OH,,2025-03-05-1332
MINE SAFETY HEALTH ADMINISTRATION,"ST. CLAIRSVILLE, OH",8275,174983.0,ST. CLAIRSVILLE,OH,,2025-03-05-1332
DEPARTMENTAL MANAGEMENT (IG),"CLEVELAND, OH",2287,70988.0,CLEVELAND,OH,,2025-03-05-1332
SMALL BUSINESS ADMINISTRATION,"COLUMBUS, OH",6721,113115.0,COLUMBUS,OH,,2025-03-05-1332
INTERNATIONAL TRADE ADMINISTRATION,"OKLAHOMA CITY, OK",1182,22990.0,OKLAHOMA CITY,OK,,2025-03-05-1332
NATIONAL OCEANIC ATMOSPHERIC ADMINISTRATION,"NORMAN, OK",18743,484325.0,NORMAN,OK,,2025-03-05-1332
MINE SAFETY HEALTH ADMINISTRATION,"FRACKVILLE, PA",5125,132547.0,FRACKVILLE,PA,,2025-03-05-1332
BUREAU OF PRISONS,"PHILADELPHIA, PA",4962,146265.0,PHILADELPHIA,PA,,2025-03-05-1332
INTERNATIONAL TRADE ADMINISTRATION,"PHILADELPHIA, PA",3492,87941.0,PHILADELPHIA,PA,,2025-03-05-1332
OFFICE OF THE INSPECTOR GENERAL,"KING OF PRUSSIA, PA",3173,58265.0,KING OF PRUSSIA,PA,,2025-03-05-1332
MINE SAFETY HEALTH ADMINISTRATION,"WAYNESBURG, PA",8233,168726.0,WAYNESBURG,PA,,2025-03-05-1332
OFFICE OF INSPECTOR GENERAL,"KING OF PRUSSIA, PA",3109,69908.0,KING OF PRUSSIA,PA,,2025-03-05-1332
MINE SAFETY HEALTH ADMINISTRATION,"MOUNT PLEASANT, PA",12964,235826.0,MOUNT PLEASANT,PA,,2025-03-05-1332
FARM SERVICE AGENCY - COUNTY,"PONCE, PR",3218,133788.0,PONCE,PR,,2025-03-05-1332
FARM SERVICE AGENCY - COUNTY,"LARES, PR",2700,80561.0,LARES,PR,,2025-03-05-1332
ENVIRONMENTAL PROTECTION AGENCY,"GUAYNABO, PR",22391,1123290.0,GUAYNABO,PR,,2025-03-05-1332
NATIONAL OCEANIC ATMOSPHERIC ADMINISTRATION,"NARRAGANSETT PIER, RI",674,23937.0,NARRAGANSETT PIER,RI,,2025-03-05-1332
FEDERAL MOTOR CARRIER SAFETY ADMINISTRATION,"EAST PROVIDENCE, RI",1556,38867.0,EAST PROVIDENCE,RI,,2025-03-05-1332
MINE SAFETY HEALTH ADMINISTRATION,"RAPID CITY, SD",3098,56072.0,RAPID CITY,SD,,2025-03-05-1332
NATIONAL APPEALS DIVISION,"MEMPHIS, TN",3398,81736.0,MEMPHIS,TN,,2025-03-05-1332
NATURAL RESOURCES CONSERVATION SERVICE,"GALLATIN, TN",6017,119016.0,GALLATIN,TN,,2025-03-05-1332
MINE SAFETY HEALTH ADMINISTRATION,"KNOXVILLE, TN",2969,53176.0,KNOXVILLE,TN,,2025-03-05-1332
FEDERAL COMMUNICATIONS COMMISSION,"DALLAS, TX",2077,60630.0,DALLAS,TX,,2025-03-05-1332
MINE SAFETY HEALTH ADMINISTRATION,"SAN ANTONIO, TX",4153,87141.0,SAN ANTONIO,TX,,2025-03-05-1332
FARM SERVICE AGENCY - COUNTY,"GONZALES, TX",2675,57337.0,GONZALES,TX,,2025-03-05-1332
MINE SAFETY HEALTH ADMINISTRATION,"LONGVIEW, TX",2400,63059.0,LONGVIEW,TX,,2025-03-05-1332
NATURAL RESOURCES CONSERVATION SERVICE,"TEMPLE, TX",93641,2448956.0,TEMPLE,TX,,2025-03-05-1332
FARM SERVICE AGENCY- STATE,"NACOGDOCHES, TX",6234,168785.0,NACOGDOCHES,TX,,2025-03-05-1332
"CORPS OF ENGINEERS, CIVIL","BOUNTIFUL, UT",2961,50160.0,BOUNTIFUL,UT,,2025-03-05-1332
NATURAL RESOURCES CONSERVATION SERVICE,"LOGAN, UT",7500,164729.0,LOGAN,UT,,2025-03-05-1332
GOVERNMENT ACCOUNTABILITY OFFICE,"VIRGINIA BEACH, VA",15519,377093.0,VIRGINIA BEACH,VA,,2025-03-05-1332
NATIONAL OCEANIC ATMOSPHERIC ADMINISTRATION,"BARRE, VT",287,9310.0,BARRE,VT,,2025-03-05-1332
CENTERS FOR MEDICARE AND MEDICAID SERVICES,"SEATTLE, WA",69409,3109753.0,SEATTLE,WA,,2025-03-05-1332
SMALL BUSINESS ADMINISTRATION,"SEATTLE, WA",12867,420795.0,SEATTLE,WA,,2025-03-05-1332
"EMPLOYMENT STANDARDS ADMINISTRATION, WAGE AND HOUR DIVI","TACOMA, WA",842,21345.0,TACOMA,WA,,2025-03-05-1332
FEDERAL MOTOR CARRIER SAFETY ADMINISTRATION,"MADISON, WI",2477,50150.0,MADISON,WI,,2025-03-05-1332
OFFICE OF U.S. ATTORNEYS,"GREEN BAY, WI",5364,71009.0,GREEN BAY,WI,,2025-03-05-1332
RURAL HOUSING SERVICE,"STEVENS POINT, WI",15843,448204.0,STEVENS POINT,WI,,2025-03-05-1332
DEPARTMENTAL MANAGEMENT (IG),"MADISON, WI",1486,37494.0,MADISON,WI,,2025-03-05-1332
FOOD AND DRUG ADMINISTRATION,"MADISON, WI",2975,121221.0,MADISON,WI,,2025-03-05-1332
MINE SAFETY HEALTH ADMINISTRATION,"SUMMERSVILLE, WV",5020,107456.0,SUMMERSVILLE,WV,,2025-03-05-1332
"EMPLOY. AND TRAIN. ADMIN., BUR. OF APPRENTICESHIP AND T","MARTINSBURG, WV",525,12066.0,MARTINSBURG,WV,,2025-03-05-1332
OFFICE OF THE SECRETARY,"CHARLESTON, WV",3122,48913.0,CHARLESTON,WV,,2025-03-05-1332
"EMPLOYMENT STANDARDS ADMINISTRATION, WAGE AND HOUR DIVI","COLORADO SPRINGS, CO",875,29227.0,COLORADO SPRINGS,CO,,2025-03-05-1332
SMALL BUSINESS ADMINISTRATION,"ANCHORAGE, AK",4031,174743.0,ANCHORAGE,AK,,2025-03-05-1332
FOOD AND DRUG ADMINISTRATION,"SALT LAKE CITY, UT",6300,95124.0,SALT LAKE CITY,UT,,2025-03-05-1332
OFFICE OF INSPECTOR GENERAL,"MOUNTAINSIDE, NJ",3451,97360.0,MOUNTAINSIDE,NJ,,2025-03-05-1332
"CORPS OF ENGINEERS, CIVIL","CHICAGO, IL",67600,2356195.0,CHICAGO,IL,,2025-03-05-1332
EXECUTIVE OFFICE FOR IMMIGRATION REVIEW,"PHOENIX, AZ",23048,726528.0,PHOENIX,AZ,,2025-03-05-1332
INTERNAL REVENUE SERVICE NATIONAL OFFICE,"VISALIA, CA",6936,208585.0,VISALIA,CA,,2025-03-05-1332
NATIONAL LABOR RELATIONS BOARD,"LOS ANGELES, CA",20885,826113.0,LOS ANGELES,CA,,2025-03-05-1332
"CORPS OF ENGINEERS, CIVIL","APPLE VALLEY, CA",3755,78724.0,APPLE VALLEY,CA,,2025-03-05-1332
RAILROAD RETIREMENT BOARD,"COVINA, CA",2270,79283.0,COVINA,CA,,2025-03-05-1332
INTERNAL REVENUE SERVICE NATIONAL OFFICE,"MODESTO, CA",8673,234073.0,MODESTO,CA,,2025-03-05-1332
FEDERAL LABOR RELATIONS AUTHORITY,"WASHINGTON, DC",33490,1712141.0,WASHINGTON,DC,,2025-03-05-1332
INTERNAL REVENUE SERVICE NATIONAL OFFICE,"SARASOTA, FL",12941,369202.0,SARASOTA,FL,,2025-03-05-1332
ANIMAL AND PLANT HEALTH INSPECTION SERVICE,"HAINES CITY, FL",5139,102400.0,HAINES CITY,FL,,2025-03-05-1332
NATIONAL PARK SERVICE,"NAPLES, FL",4862,115035.0,NAPLES,FL,,2025-03-05-1332
MINE SAFETY HEALTH ADMINISTRATION,"ALBANY, OR",3618,128123.0,ALBANY,OR,,2025-03-05-1332
"CORPS OF ENGINEERS, CIVIL","DAVIS, CA",11180,508914.0,DAVIS,CA,,2025-03-05-1332
FARM SERVICE AGENCY - COUNTY,"BAKERSFIELD, CA",7306,145158.0,BAKERSFIELD,CA,,2025-03-05-1332
SECURITIES AND EXCHANGE COMMISSION,"LOS ANGELES, CA",57903,2464948.0,LOS ANGELES,CA,,2025-03-05-1332
MINE SAFETY HEALTH ADMINISTRATION,"SAN BERNARDINO, CA",4294,113479.0,SAN BERNARDINO,CA,,2025-03-05-1332
NATURAL RESOURCES CONSERVATION SERVICE,"BLYTHE, CA",980,27758.0,BLYTHE,CA,,2025-03-05-1332
FEDERAL COMMUNICATIONS COMMISSION,"CERRITOS, CA",3680,142637.0,CERRITOS,CA,,2025-03-05-1332
FOREST SERVICE,"MOUNT SHASTA, CA",536,12000.0,MOUNT SHASTA,CA,,2025-03-05-1332
INDIAN HEALTH SERVICE-CALIFORNIA,"UKIAH, CA",1848,45857.0,UKIAH,CA,,2025-03-05-1332
NATIONAL OCEANIC ATMOSPHERIC ADMINISTRATION,"EUREKA, CA",823,19793.0,EUREKA,CA,,2025-03-05-1332
"EMPLOYMENT STANDARDS ADMINISTRATION, WAGE AND HOUR DIVI","SPRINGFIELD, IL",2128,42058.0,SPRINGFIELD,IL,,2025-03-05-1332
MINE SAFETY HEALTH ADMINISTRATION,"LITCHFIELD, IL",2889,58193.0,LITCHFIELD,IL,,2025-03-05-1332
"FED ACQUISITION SRVC, REG 05 FLEET MGMT FACILITIES","LISLE, IL",1520,41586.0,LISLE,IL,,2025-03-05-1332
MINE SAFETY HEALTH ADMINISTRATION,"HIBBING, MN",2622,49581.0,HIBBING,MN,,2025-03-05-1332
FOOD AND DRUG ADMINISTRATION,"GREENSBORO, NC",1579,24855.0,GREENSBORO,NC,,2025-03-05-1332
FOOD AND DRUG ADMINISTRATION,"NEWARK, NJ",14736,633783.0,NEWARK,NJ,,2025-03-05-1332
NATIONAL OCEANIC ATMOSPHERIC ADMINISTRATION,"WALL TOWNSHIP, NJ",1768,51262.0,WALL TOWNSHIP,NJ,,2025-03-05-1332
DEPARTMENTAL MANAGEMENT (IG),"EDISON, NJ",4160,129100.0,EDISON,NJ,,2025-03-05-1332
OCCUPATIONAL SAFETY AND HEALTH ADMINISTRATION,"AVENEL, NJ",4968,119803.0,AVENEL,NJ,,2025-03-05-1332
UNITED STATES TRUSTEES,"NEWARK, NJ",13922,493139.0,NEWARK,NJ,,2025-03-05-1332
FEDERAL MOTOR CARRIER SAFETY ADMINISTRATION,"PRINCETON, NJ",3780,111100.0,PRINCETON,NJ,,2025-03-05-1332
MINE SAFETY HEALTH ADMINISTRATION,"ALBANY, NY",4454,97789.0,ALBANY,NY,,2025-03-05-1332
NATURAL RESOURCES CONSERVATION SERVICE,"SYRACUSE, NY",33548,543571.0,SYRACUSE,NY,,2025-03-05-1332
UNITED STATES TRUSTEES,"BUFFALO, NY",5109,115600.0,BUFFALO,NY,,2025-03-05-1332
OFFICE OF INSPECTOR GENERAL,"NEW YORK, NY",10651,639690.0,NEW YORK,NY,,2025-03-05-1332
MINE SAFETY HEALTH ADMINISTRATION,"HEBRON, OH",3682,91115.0,HEBRON,OH,,2025-03-05-1332
FEDERAL MEDIATION AND CONCILIATION SERVICE,"INDEPENDENCE, OH",6609,137951.0,INDEPENDENCE,OH,,2025-03-05-1332
DEPARTMENT OF HEALTH & HUMAN SERVICES,"CLEVELAND, OH",45455,1055364.0,CLEVELAND,OH,,2025-03-05-1332
"EMPLOY. STANDARDS ADMIN., OFC OF WORKERS' COMP. PRGMS","RICHLAND, WA",979,19539.0,RICHLAND,WA,,2025-03-05-1332
FOREST SERVICE,"POMEROY, WA",10516,181638.0,POMEROY,WA,,2025-03-05-1332
NATURAL RESOURCES CONSERVATION SERVICE,"RENTON, WA",1451,47459.0,RENTON,WA,,2025-03-05-1332
ANIMAL AND PLANT HEALTH INSPECTION SERVICE,"OLYMPIA, WA",3458,75857.0,OLYMPIA,WA,,2025-03-05-1332
FEDERAL HIGHWAY ADMINISTRATION,"MADISON, WI",6254,204103.0,MADISON,WI,,2025-03-05-1332
FOOD AND DRUG ADMINISTRATION,"WAUWATOSA, WI",6757,187375.0,WAUWATOSA,WI,,2025-03-05-1332
SOCIAL SECURITY ADMINISTRATION,"MANSFIELD, OH",1047,15031.0,MANSFIELD,OH,,2025-03-05-1332
SOCIAL SECURITY ADMINISTRATION,"WAUSAU, WI",1851,34211.0,WAUSAU,WI,,2025-03-05-1332
NATIONAL PARK SERVICE,"HOMESTEAD, FL",21356,539591.0,HOMESTEAD,FL,,2025-03-05-1332
GEOLOGICAL SURVEY,"LITTLE ROCK, AR",19005,351510.0,LITTLE ROCK,AR,,2025-03-05-1332
NATIONAL PARK SERVICE,"FLAGSTAFF, AZ",3991,163170.0,FLAGSTAFF,AZ,,2025-03-05-1332
UNITED STATES FISH AND WILDLIFE SERVICE,"ARCATA, CA",25500,640880.0,ARCATA,CA,,2025-03-05-1332
GEOLOGICAL SURVEY,"GRAND JUNCTION, CO",44747,1214783.0,GRAND JUNCTION,CO,,2025-03-05-1332
UNITED STATES FISH AND WILDLIFE SERVICE,"LITTLETON, CO",1250,20859.0,LITTLETON,CO,,2025-03-05-1332
BUREAU OF RECLAMATION,"DURANGO, CO",8900,246856.0,DURANGO,CO,,2025-03-05-1332
GEOLOGICAL SURVEY,"GOLDEN, CO",8219,191353.0,GOLDEN,CO,,2025-03-05-1332
OFFICE OF THE SECRETARY,"HARTFORD, CT",24647,671727.0,HARTFORD,CT,,2025-03-05-1332
GEOLOGICAL SURVEY,"HILO, HI",10731,536041.0,HILO,HI,,2025-03-05-1332
UNITED STATES FISH AND WILDLIFE SERVICE,"INDIANOLA, IA",2616,32003.0,INDIANOLA,IA,,2025-03-05-1332
INTERNAL REVENUE SERVICE NATIONAL OFFICE,"SALINA, KS",2203,47489.0,SALINA,KS,,2025-03-05-1332
UNITED STATES FISH AND WILDLIFE SERVICE,"DERBY, KS",1365,19776.0,DERBY,KS,,2025-03-05-1332
UNITED STATES TRUSTEES,"WORCESTER, MA",5506,165787.0,WORCESTER,MA,,2025-03-05-1332
UNITED STATES FISH AND WILDLIFE SERVICE,"BOZEMAN, MT",7853,241265.0,BOZEMAN,MT,,2025-03-05-1332
UNITED STATES FISH AND WILDLIFE SERVICE,"MINOT, ND",833,18305.0,MINOT,ND,,2025-03-05-1332
NATIONAL PARK SERVICE,"VALENTINE, NE",6234,151670.0,VALENTINE,NE,,2025-03-05-1332
NATIONAL PARK SERVICE,"MOUNTAINAIR, NM",7648,170425.0,MOUNTAINAIR,NM,,2025-03-05-1332
BUREAU OF INDIAN AFFAIRS,"PAWHUSKA, OK",10335,166134.0,PAWHUSKA,OK,,2025-03-05-1332
NATIONAL PARK SERVICE,"YANKTON, SD",9048,175268.0,YANKTON,SD,,2025-03-05-1332
OFFICE OF HEARING AND APPEALS,"RAPID CITY, SD",2252,53198.0,RAPID CITY,SD,,2025-03-05-1332
NATIONAL INDIAN GAMING COMMISSION,"RAPID CITY, SD",1518,43938.0,RAPID CITY,SD,,2025-03-05-1332
UNITED STATES FISH AND WILDLIFE SERVICE,"LAREDO, TX",2645,55680.0,LAREDO,TX,,2025-03-05-1332
UNITED STATES FISH AND WILDLIFE SERVICE,"WEST VALLEY CITY, UT",8482,116431.0,WEST VALLEY CITY,UT,,2025-03-05-1332
GEOLOGICAL SURVEY,"MOAB, UT",4750,134100.0,MOAB,UT,,2025-03-05-1332
BUREAU OF INDIAN AFFAIRS,"TOPPENISH, WA",17107,533985.0,TOPPENISH,WA,,2025-03-05-1332
"EMPLOYMENT STANDARDS ADMINISTRATION, WAGE AND HOUR DIVI","SALT LAKE CITY, UT",3882,170250.0,SALT LAKE CITY,UT,,2025-03-05-1332
OFFICE OF THE SECRETARY,"ANCHORAGE, AK",14805,664745.0,ANCHORAGE,AK,,2025-03-05-1332
NATIONAL PARK SERVICE,"FORT PAYNE, AL",5300,78171.0,FORT PAYNE,AL,,2025-03-05-1332
FOOD AND DRUG ADMINISTRATION,"LONG BEACH, CA",24167,952904.0,LONG BEACH,CA,,2025-03-05-1332
FOOD AND DRUG ADMINISTRATION,"SAN DIEGO, CA",6374,454339.0,SAN DIEGO,CA,,2025-03-05-1332
NATIONAL PARK SERVICE,"FORT COLLINS, CO",65720,1453814.0,FORT COLLINS,CO,,2025-03-05-1332
GEOLOGICAL SURVEY,"TALLAHASSEE, FL",3802,142115.0,TALLAHASSEE,FL,,2025-03-05-1332
OFFICE OF THE SECRETARY,"ATLANTA, GA",25422,665692.0,ATLANTA,GA,,2025-03-05-1332
MINE SAFETY HEALTH ADMINISTRATION,"VINCENNES, IN",17029,405844.0,VINCENNES,IN,,2025-03-05-1332
FOOD AND DRUG ADMINISTRATION,"LOUISVILLE, KY",3938,101765.0,LOUISVILLE,KY,,2025-03-05-1332
UNITED STATES FISH AND WILDLIFE SERVICE,"BALTIMORE, MD",1812,42993.0,BALTIMORE,MD,,2025-03-05-1332
OCCUPATIONAL SAFETY AND HEALTH ADMINISTRATION,"LINTHICUM HEIGHTS, MD",3500,72601.0,LINTHICUM HEIGHTS,MD,,2025-03-05-1332
BUREAU OF INDIAN AFFAIRS,"BARAGA, MI",1200,14400.0,BARAGA,MI,,2025-03-05-1332
NATIONAL PARK SERVICE,"ST. PAUL, MN",9834,210810.0,ST. PAUL,MN,,2025-03-05-1332
FEDERAL HIGHWAY ADMINISTRATION,"ST. PAUL, MN",4246,114723.0,ST. PAUL,MN,,2025-03-05-1332
GEOLOGICAL SURVEY,"BOZEMAN, MT",15605,369838.0,BOZEMAN,MT,,2025-03-05-1332
FOOD AND DRUG ADMINISTRATION,"OMAHA, NE",1875,34357.0,OMAHA,NE,,2025-03-05-1332
FEDERAL HIGHWAY ADMINISTRATION,"SANTA FE, NM",5847,150950.0,SANTA FE,NM,,2025-03-05-1332
RAILROAD RETIREMENT BOARD,"CINCINNATI, OH",1428,31416.0,CINCINNATI,OH,,2025-03-05-1332
OCCUPATIONAL SAFETY AND HEALTH ADMINISTRATION,"INDEPENDENCE, OH",6573,182221.0,INDEPENDENCE,OH,,2025-03-05-1332
SMALL BUSINESS ADMINISTRATION,"CLEVELAND, OH",5722,144079.0,CLEVELAND,OH,,2025-03-05-1332
DEPARTMENT OF HOUSING AND URBAN DEVELOPMENT,"TULSA, OK",5682,109426.0,TULSA,OK,,2025-03-05-1332
SMALL BUSINESS ADMINISTRATION,"NORTH CHARLESTON, SC",465,13725.0,NORTH CHARLESTON,SC,,2025-03-05-1332
DEPARTMENTAL MANAGEMENT (IG),"SIOUX FALLS, SD",1217,28749.0,SIOUX FALLS,SD,,2025-03-05-1332
FEDERAL RAILROAD ADMINISTRATION,"FORT WORTH, TX",5835,157720.0,FORT WORTH,TX,,2025-03-05-1332
OCCUPATIONAL SAFETY AND HEALTH ADMINISTRATION,"HOUSTON, TX",7201,185878.0,HOUSTON,TX,,2025-03-05-1332
OFFICE OF INSPECTOR GENERAL,"GRAND PRAIRIE, TX",6418,152938.0,GRAND PRAIRIE,TX,,2025-03-05-1332
GEOLOGICAL SURVEY,"RICHMOND, VA",19277,342341.0,RICHMOND,VA,,2025-03-05-1332
NATIONAL LABOR RELATIONS BOARD,"MILWAUKEE, WI",10226,258805.0,MILWAUKEE,WI,,2025-03-05-1332
FEDERAL MOTOR CARRIER SAFETY ADMINISTRATION,"CHARLESTON, WV",1692,51245.0,CHARLESTON,WV,,2025-03-05-1332
GEOLOGICAL SURVEY,"CHARLESTON, WV",10875,222716.0,CHARLESTON,WV,,2025-03-05-1332
FEDERAL LABOR RELATIONS AUTHORITY,"CHICAGO, IL",4651,142746.0,CHICAGO,IL,,2025-03-05-1332
RAILROAD RETIREMENT BOARD,"JACKSONVILLE, FL",2307,55492.0,JACKSONVILLE,FL,,2025-03-05-1332
CENTERS FOR MEDICARE AND MEDICAID SERVICES,"SEATTLE, WA",69409,3109753.0,SEATTLE,WA,,2025-03-12-2017
NATIONAL PARK SERVICE,"FAIRBANKS, AK",14554,385447.0,FAIRBANKS,AK,,2025-03-13-0517
BUREAU OF LAND MANAGEMENT,"BAKER CITY, OR",7030,204936.0,BAKER CITY,OR,,2025-03-13-0517
BUREAU OF INDIAN AFFAIRS,"LAPWAI, ID",6068,112124.0,LAPWAI,ID,,2025-03-13-0517
UNITED STATES FISH AND WILDLIFE SERVICE,"FAIRHOPE, AL",5132,176859.0,FAIRHOPE,AL,,2025-03-13-0517
UNITED STATES FISH AND WILDLIFE SERVICE,"PANAMA CITY, FL",13000,245180.0,PANAMA CITY,FL,,2025-03-13-0517
UNITED STATES FISH AND WILDLIFE SERVICE,"JACKSONVILLE, FL",2700,42390.0,JACKSONVILLE,FL,,2025-03-13-0517
GEOLOGICAL SURVEY,"LOUISVILLE, KY",21950,503173.0,LOUISVILLE,KY,,2025-03-13-0517
UNITED STATES FISH AND WILDLIFE SERVICE,"WINONA, MN",6827,154522.0,WINONA,MN,,2025-03-13-0517
UNITED STATES FISH AND WILDLIFE SERVICE,"VALLEY STREAM, NY",9493,345179.0,VALLEY STREAM,NY,,2025-03-13-0517
GEOLOGICAL SURVEY,"OSWEGO, NY",4875,108197.0,OSWEGO,NY,,2025-03-13-0517
GEOLOGICAL SURVEY,"POTSDAM, NY",1748,12943.0,POTSDAM,NY,,2025-03-13-0517
NATIONAL PARK SERVICE,"SOMERSET, PA",2361,29693.0,SOMERSET,PA,,2025-03-13-0517
UNITED STATES FISH AND WILDLIFE SERVICE,"GLOUCESTER, VA",11281,308963.0,GLOUCESTER,VA,,2025-03-13-0517
UNITED STATES FISH AND WILDLIFE SERVICE,"RICHMOND, VA",4380,76911.0,RICHMOND,VA,,2025-03-13-0517
NATIONAL PARK SERVICE,"ST. PAUL, MN",2863,113878.0,ST. PAUL,MN,,2025-03-13-0517
UNITED STATES FISH AND WILDLIFE SERVICE,"CHELSEA, MA",2500,95306.0,CHELSEA,MA,,2025-03-13-0517
OCCUPATIONAL SAFETY AND HEALTH ADMINISTRATION,"LITTLE ROCK, AR",8352,180126.0,LITTLE ROCK,AR,,2025-03-13-0517
OFFICE OF THE SOLICITOR,"LAKEWOOD, CO",18144,428782.0,LAKEWOOD,CO,,2025-03-13-0517
ALCOHOL AND TOBACCO TAX AND TRADE BUREAU,"TAMPA, FL",2678,94072.0,TAMPA,FL,,2025-03-13-0517
RAILROAD RETIREMENT BOARD,"ST. PAUL, MN",3006,70622.0,ST. PAUL,MN,,2025-03-13-0517
DEPARTMENT OF HOUSING AND URBAN DEVELOPMENT,"WASHINGTON, DC",76200,3608726.0,WASHINGTON,DC,,2025-03-13-0517
MINE SAFETY HEALTH ADMINISTRATION,"MESA, AZ",4384,105216.0,MESA,AZ,,2025-03-13-0517
ENVIRONMENTAL PROTECTION AGENCY,"NORCROSS, GA",15120,218257.0,NORCROSS,GA,,2025-03-13-0517
UNITED STATES FISH AND WILDLIFE SERVICE,"LANDER, WY",7601,109873.0,LANDER,WY,,2025-03-13-0517
ALCOHOL AND TOBACCO TAX AND TRADE BUREAU,"GREENSBORO, NC",2696,62450.0,GREENSBORO,NC,,2025-03-13-0517
OFFICE OF THE INSPECTOR GENERAL,"WASHINGTON, DC",33675,2143084.0,WASHINGTON,DC,,2025-03-13-0517
MINE SAFETY HEALTH ADMINISTRATION,"ROCK VIEW, WV",20781,563693.0,ROCK VIEW,WV,,2025-03-13-0517
NATIONAL PARK SERVICE,"MOAB, UT",35358,805408.0,MOAB,UT,,2025-03-13-0517
NATIONAL PARK SERVICE,"CAMP VERDE, AZ",2300,50401.0,CAMP VERDE,AZ,,2025-03-13-0517
OFFICE OF NATURAL RESOURCES AND REVENUE,"HOUSTON, TX",22809,398649.0,HOUSTON,TX,,2025-03-13-0517
NATIONAL PARK SERVICE,"CHARLES TOWN, WV",39037,947520.0,CHARLES TOWN,WV,,2025-03-13-0517
MINE SAFETY HEALTH ADMINISTRATION,"ELKO, NV",3192,92083.0,ELKO,NV,,2025-03-13-0517
GEOLOGICAL SURVEY,"OKLAHOMA CITY, OK",16925,320994.0,OKLAHOMA CITY,OK,,2025-03-13-0517
"EMPLOY. STANDARDS ADMIN., OFC OF WORKERS' COMP. PRGMS","LAS VEGAS, NV",1513,29549.0,LAS VEGAS,NV,,2025-03-13-0517
MINE SAFETY HEALTH ADMINISTRATION,"HENDERSON, NV",2821,92567.0,HENDERSON,NV,,2025-03-13-0517
MINE SAFETY HEALTH ADMINISTRATION,"WARRENDALE, PA",11380,249777.0,WARRENDALE,PA,,2025-03-13-0517
RAILROAD RETIREMENT BOARD,"ALTOONA, PA",2541,41351.0,ALTOONA,PA,,2025-03-13-0517
MINE SAFETY HEALTH ADMINISTRATION,"STURGIS, KY",3849,128291.0,STURGIS,KY,,2025-03-13-0517
"EMPLOY. STANDARDS ADMIN., OFC OF WORKERS' COMP. PRGMS","OAK RIDGE, TN",2164,42458.0,OAK RIDGE,TN,,2025-03-13-0517
OFFICE OF INSPECTOR GENERAL,"FORT LAUDERDALE, FL",15336,537639.0,FORT LAUDERDALE,FL,,2025-03-13-0517
UNITED STATES FISH AND WILDLIFE SERVICE,"PALM SPRINGS, CA",5310,205234.0,PALM SPRINGS,CA,,2025-03-13-0517
ENVIRONMENTAL PROTECTION AGENCY,"ERLANGER, KY",24416,464061.0,ERLANGER,KY,,2025-03-13-0517
DEPARTMENT OF JUSTICE,"WASHINGTON, DC",62124,3426843.0,WASHINGTON,DC,,2025-03-13-0517
OCCUPATIONAL SAFETY AND HEALTH ADMINISTRATION,"CENTER VALLEY, PA",5088,191492.0,CENTER VALLEY,PA,,2025-03-13-0517
ENVIRONMENTAL PROTECTION AGENCY,"INDIANAPOLIS, IN",2407,68422.0,INDIANAPOLIS,IN,,2025-03-13-0517
"EMPLOYMENT STANDARDS ADMINISTRATION, WAGE AND HOUR DIVI","INDIANAPOLIS, IN",2409,70236.0,INDIANAPOLIS,IN,,2025-03-13-0517
DEFENSE CONTRACT MANAGEMENT AGENCY- LOCAL,"ADDISON, TX",8905,217084.0,ADDISON,TX,,2025-03-19-1117
SOCIAL SECURITY ADMINISTRATION,"MISSOULA, MT",7915,262922.0,MISSOULA,MT,,2025-03-19-1117
SOCIAL SECURITY ADMINISTRATION,"GRAND JUNCTION, CO",7975,273418.0,GRAND JUNCTION,CO,,2025-03-19-1117
SOCIAL SECURITY ADMINISTRATION,"KALISPELL, MT",7699,151400.0,KALISPELL,MT,,2025-03-19-1117
SOCIAL SECURITY ADMINISTRATION,"ROCK SPRINGS, WY",4131,77904.0,ROCK SPRINGS,WY,,2025-03-19-1117
SOCIAL SECURITY ADMINISTRATION,"MINOT, ND",5950,163718.0,MINOT,ND,,2025-03-19-1117
SOCIAL SECURITY ADMINISTRATION,"CAMPBELLSVILLE, KY",12750,295794.0,CAMPBELLSVILLE,KY,,2025-03-19-1117
SOCIAL SECURITY ADMINISTRATION,"CULLMAN, AL",7361,180784.0,CULLMAN,AL,,2025-03-19-1117
SOCIAL SECURITY ADMINISTRATION,"JASPER, AL",8919,186411.0,JASPER,AL,,2025-03-19-1117
SOCIAL SECURITY ADMINISTRATION,"GAINESVILLE, GA",17844,506527.0,GAINESVILLE,GA,,2025-03-19-1117
SOCIAL SECURITY ADMINISTRATION,"VIDALIA, GA",10133,228757.0,VIDALIA,GA,,2025-03-19-1117
SOCIAL SECURITY ADMINISTRATION,"BRUNSWICK, GA",9856,215383.0,BRUNSWICK,GA,,2025-03-19-1117
SOCIAL SECURITY ADMINISTRATION,"THOMASVILLE, GA",11150,289139.0,THOMASVILLE,GA,,2025-03-19-1117
SOCIAL SECURITY ADMINISTRATION,"GRENADA, MS",8946,255140.0,GRENADA,MS,,2025-03-19-1117
SOCIAL SECURITY ADMINISTRATION,"GREENWOOD, MS",11100,263435.0,GREENWOOD,MS,,2025-03-19-1117
SOCIAL SECURITY ADMINISTRATION,"MERIDIAN, MS",9796,229983.0,MERIDIAN,MS,,2025-03-19-1117
SOCIAL SECURITY ADMINISTRATION,"POUGHKEEPSIE, NY",14000,359135.0,POUGHKEEPSIE,NY,,2025-03-19-1117
SOCIAL SECURITY ADMINISTRATION,"ELIZABETH CITY, NC",7914,200937.0,ELIZABETH CITY,NC,,2025-03-19-1117
SOCIAL SECURITY ADMINISTRATION,"GREENWOOD, SC",8727,154546.0,GREENWOOD,SC,,2025-03-19-1117
SOCIAL SECURITY ADMINISTRATION,"LAWTON, OK",9298,223220.0,LAWTON,OK,,2025-03-19-1117
SOCIAL SECURITY ADMINISTRATION,"FRANKLIN, NC",8895,276309.0,FRANKLIN,NC,,2025-03-19-1117
SOCIAL SECURITY ADMINISTRATION,"GREENVILLE, NC",13775,374170.0,GREENVILLE,NC,,2025-03-19-1117
SOCIAL SECURITY ADMINISTRATION,"FORREST CITY, AR",12774,387856.0,FORREST CITY,AR,,2025-03-19-1117
DEFENSE COUNTERINTELLIGENCE AND SECURITY AGENCY – DOD W,"PALMDALE, CA",1715,59748.0,PALMDALE,CA,,2025-03-19-1117
AGRICULTURAL MARKETING SERVICE,"LOS ANGELES, CA",1527,40084.0,LOS ANGELES,CA,,2025-03-19-1117
INTERNAL REVENUE SERVICE NATIONAL OFFICE,"HILO, HI",1427,70396.0,HILO,HI,,2025-03-19-1117
INTERNAL REVENUE SERVICE NATIONAL OFFICE,"BRATTLEBORO, VT",1391,41238.0,BRATTLEBORO,VT,,2025-03-19-1117
SOCIAL SECURITY ADMINISTRATION,"HOUMA, LA",13152,551751.0,HOUMA,LA,,2025-03-19-1117
SOCIAL SECURITY ADMINISTRATION,"VICTORIA, TX",11795,320286.0,VICTORIA,TX,,2025-03-19-1117
INTERNAL REVENUE SERVICE NATIONAL OFFICE,"SALEM, OR",9733,262927.0,SALEM,OR,,2025-03-19-1117
GEOLOGICAL SURVEY,"ANCHORAGE, AK",20326,855176.0,ANCHORAGE,AK,,2025-03-19-1117
INTERNAL REVENUE SERVICE NATIONAL OFFICE,"IDAHO FALLS, ID",2925,52743.0,IDAHO FALLS,ID,,2025-03-19-1117
INTERNAL REVENUE SERVICE NATIONAL OFFICE,"BEND, OR",6156,192066.0,BEND,OR,,2025-03-19-1117
INTERNAL REVENUE SERVICE NATIONAL OFFICE,"SIOUX CITY, IA",5254,104186.0,SIOUX CITY,IA,,2025-03-19-1117
NATIONAL PARK SERVICE,"SALT LAKE CITY, UT",3008,94986.0,SALT LAKE CITY,UT,,2025-03-19-1117
UNITED STATES TRUSTEES,"SALT LAKE CITY, UT",8433,261736.0,SALT LAKE CITY,UT,,2025-03-19-1117
OFFICE OF U.S. ATTORNEYS,"SIOUX CITY, IA",14366,217139.0,SIOUX CITY,IA,,2025-03-19-1117
OFFICE OF U.S. ATTORNEYS,"CORPUS CHRISTI, TX",17039,409689.0,CORPUS CHRISTI,TX,,2025-03-19-1117
INTERNAL REVENUE SERVICE NATIONAL OFFICE,"BEAUMONT, TX",4819,115076.0,BEAUMONT,TX,,2025-03-19-1117
OFFICE OF U.S. ATTORNEYS,"LUFKIN, TX",5449,88956.0,LUFKIN,TX,,2025-03-19-1117
IG FOR TAX ADMINISTRATION,"BATON ROUGE, LA",891,28818.0,BATON ROUGE,LA,,2025-03-19-1117
INDIAN HEALTH SERVICE -OKLAHOMA,"OKLAHOMA CITY, OK",5000,119951.0,OKLAHOMA CITY,OK,,2025-03-19-1117
OFFICE OF U.S. ATTORNEYS,"TOLEDO, OH",16787,431551.0,TOLEDO,OH,,2025-03-19-1117
DOE-CARLSBAD OFFICE,"CARLSBAD, NM",90850,810599.0,CARLSBAD,NM,,2025-03-19-1117
OFFICE OF U.S. ATTORNEYS,"MUSKOGEE, OK",33119,1272005.0,MUSKOGEE,OK,,2025-03-19-1117
INTERNAL REVENUE SERVICE NATIONAL OFFICE,"SCOTTSBLUFF, NE",2000,29549.0,SCOTTSBLUFF,NE,,2025-03-19-1117
INTERNAL REVENUE SERVICE NATIONAL OFFICE,"FREDERICK, MD",3739,78438.0,FREDERICK,MD,,2025-03-19-1117
OFFICE OF U.S. ATTORNEYS,"GRAND JUNCTION, CO",3386,74634.0,GRAND JUNCTION,CO,,2025-03-19-1117
OFFICE OF U.S. ATTORNEYS,"LANDER, WY",4140,97834.0,LANDER,WY,,2025-03-19-1117
INTERNAL REVENUE SERVICE NATIONAL OFFICE,"FREDERICKSBURG, VA",6162,153098.0,FREDERICKSBURG,VA,,2025-03-19-1117
INTERNAL REVENUE SERVICE NATIONAL OFFICE,"ROANOKE, VA",16693,289115.0,ROANOKE,VA,,2025-03-19-1117
OFFICE OF U.S. ATTORNEYS,"RICHMOND, VA",29333,743171.0,RICHMOND,VA,,2025-03-19-1117
INTERNAL REVENUE SERVICE NATIONAL OFFICE,"PARKERSBURG, WV",7671,184015.0,PARKERSBURG,WV,,2025-03-19-1117
FEDERAL HIGHWAY ADMINISTRATION,"MONTPELIER, VT",6600,208688.0,MONTPELIER,VT,,2025-03-19-1117
BUREAU OF LAND MANAGEMENT,"UKIAH, CA",10862,409268.0,UKIAH,CA,,2025-03-19-1117
INTERNAL REVENUE SERVICE NATIONAL OFFICE,"SAN MATEO, CA",12089,426854.0,SAN MATEO,CA,,2025-03-19-1117
OFFICE OF THE INSPECTOR GENERAL,"DIAMOND BAR, CA",3058,118518.0,DIAMOND BAR,CA,,2025-03-19-1117
INTERNAL REVENUE SERVICE NATIONAL OFFICE,"SAVANNAH, GA",15492,427511.0,SAVANNAH,GA,,2025-03-19-1117
INTERNAL REVENUE SERVICE NATIONAL OFFICE,"MACON, GA",14039,241967.0,MACON,GA,,2025-03-19-1117
INTERNAL REVENUE SERVICE NATIONAL OFFICE,"WAILUKU HAWAIIAN HOME LAND (HISTORI, HI",5405,317476.0,WAILUKU HAWAIIAN HOME LAND (HISTORI,HI,,2025-03-19-1117
INTERNAL REVENUE SERVICE NATIONAL OFFICE,"CEDAR RAPIDS, IA",6794,149715.0,CEDAR RAPIDS,IA,,2025-03-19-1117
OFFICE OF U.S. ATTORNEYS,"LONDON, KY",8364,219455.0,LONDON,KY,,2025-03-19-1117
INTERNAL REVENUE SERVICE NATIONAL OFFICE,"PADUCAH, KY",2591,77216.0,PADUCAH,KY,,2025-03-19-1117
INTERNAL REVENUE SERVICE NATIONAL OFFICE,"OWENSBORO, KY",4958,70713.0,OWENSBORO,KY,,2025-03-19-1117
INTERNAL REVENUE SERVICE NATIONAL OFFICE,"BOWLING GREEN, KY",7564,199239.0,BOWLING GREEN,KY,,2025-03-19-1117
INTERNAL REVENUE SERVICE NATIONAL OFFICE,"HOPKINSVILLE, KY",2646,50300.0,HOPKINSVILLE,KY,,2025-03-19-1117
NATIONAL OCEANIC ATMOSPHERIC ADMINISTRATION,"BATON ROUGE, LA",2400,71102.0,BATON ROUGE,LA,,2025-03-19-1117
INTERNAL REVENUE SERVICE NATIONAL OFFICE,"WORCESTER, MA",14511,361469.0,WORCESTER,MA,,2025-03-19-1117
INTERNAL REVENUE SERVICE NATIONAL OFFICE,"SOUTHBOROUGH, MA",10787,263862.0,SOUTHBOROUGH,MA,,2025-03-19-1117
INTERNAL REVENUE SERVICE NATIONAL OFFICE,"SPRINGFIELD, MA",14036,294206.0,SPRINGFIELD,MA,,2025-03-19-1117
INTERNAL REVENUE SERVICE NATIONAL OFFICE,"ST. CLOUD, MN",3510,81992.0,ST. CLOUD,MN,,2025-03-19-1117
INTERNAL REVENUE SERVICE NATIONAL OFFICE,"BLOOMINGTON, MN",26910,653701.0,BLOOMINGTON,MN,,2025-03-19-1117
INTERNAL REVENUE SERVICE NATIONAL OFFICE,"JEFFERSON CITY, MO",5343,61913.0,JEFFERSON CITY,MO,,2025-03-19-1117
DEPT OF TREASURY-BUREAU OF THE FISCAL SERVICE,"KANSAS CITY, MO",87993,1937762.0,KANSAS CITY,MO,,2025-03-19-1117
ANIMAL AND PLANT HEALTH INSPECTION SERVICE,"BILLINGS, MT",4931,65258.0,BILLINGS,MT,,2025-03-19-1117
INTERNAL REVENUE SERVICE NATIONAL OFFICE,"WILMINGTON, NC",14165,319571.0,WILMINGTON,NC,,2025-03-19-1117
INTERNAL REVENUE SERVICE NATIONAL OFFICE,"FAYETTEVILLE, NC",7813,154235.0,FAYETTEVILLE,NC,,2025-03-19-1117
INTERNAL REVENUE SERVICE NATIONAL OFFICE,"MEDFORD, OR",5384,175315.0,MEDFORD,OR,,2025-03-19-1117
OFFICE OF PERSONNEL MANAGEMENT,"BOYERS, PA",3450,48277.0,BOYERS,PA,,2025-03-19-1117
INTERNAL REVENUE SERVICE NATIONAL OFFICE,"ALTOONA, PA",4192,70597.0,ALTOONA,PA,,2025-03-19-1117
AGRICULTURAL MARKETING SERVICE,"PHILADELPHIA, PA",4823,96460.0,PHILADELPHIA,PA,,2025-03-19-1117
OFFICE OF PERSONNEL MANAGEMENT,"BOYERS, PA",11500,161862.0,BOYERS,PA,,2025-03-19-1117
FEDERAL AVIATION ADMINISTRATION,"CORAOPOLIS, PA",10455,235431.0,CORAOPOLIS,PA,,2025-03-19-1117
OFFICE OF PERSONNEL MANAGEMENT,"EAST BUTLER, PA",13991,160369.0,EAST BUTLER,PA,,2025-03-19-1117
INTERNAL REVENUE SERVICE NATIONAL OFFICE,"ERIE, PA",5305,102356.0,ERIE,PA,,2025-03-19-1117
OFFICE OF U.S. ATTORNEYS,"COLUMBIA, SC",41663,942986.0,COLUMBIA,SC,,2025-03-19-1117
INTERNAL REVENUE SERVICE NATIONAL OFFICE,"CHATTANOOGA, TN",17786,353845.0,CHATTANOOGA,TN,,2025-03-19-1117
INTERNAL REVENUE SERVICE NATIONAL OFFICE,"LA CROSSE, WI",2165,36199.0,LA CROSSE,WI,,2025-03-19-1117
NATIONAL PARK SERVICE,"FRITCH, TX",3833,107586.0,FRITCH,TX,,2025-03-19-1117
INTERNAL REVENUE SERVICE NATIONAL OFFICE,"MONTGOMERY, AL",12347,251805.0,MONTGOMERY,AL,,2025-03-19-1117
INTERNAL REVENUE SERVICE NATIONAL OFFICE,"BIRMINGHAM, AL",32480,673885.0,BIRMINGHAM,AL,,2025-03-19-1117
OFFICE OF U.S. ATTORNEYS,"MONTGOMERY, AL",57815,1751397.0,MONTGOMERY,AL,,2025-03-19-1117
GOVERNMENT ACCOUNTABILITY OFFICE,"HUNTSVILLE, AL",7976,205833.0,HUNTSVILLE,AL,,2025-03-19-1117
INTERNAL REVENUE SERVICE NATIONAL OFFICE,"MESA, AZ",24853,910925.0,MESA,AZ,,2025-03-19-1117
INDIAN HEALTH SERVICE NAVAJO,"SAINT MICHAELS, AZ",40924,1074931.0,SAINT MICHAELS,AZ,,2025-03-19-1117
INTERNAL REVENUE SERVICE NATIONAL OFFICE,"GLENDALE, AZ",18963,724116.0,GLENDALE,AZ,,2025-03-19-1117
INTERNAL REVENUE SERVICE NATIONAL OFFICE,"SAN MARCOS, CA",20111,855521.0,SAN MARCOS,CA,,2025-03-19-1117
DEPARTMENT OF EDUCATION,"LONG BEACH, CA",7995,329923.0,LONG BEACH,CA,,2025-03-19-1117
BUREAU OF INDIAN AFFAIRS,"REDDING, CA",5307,154103.0,REDDING,CA,,2025-03-19-1117
INTERNAL REVENUE SERVICE NATIONAL OFFICE,"THOUSAND OAKS, CA",9362,318224.0,THOUSAND OAKS,CA,,2025-03-19-1117
SMALL BUSINESS ADMINISTRATION,"NORWALK, CA",4928,189108.0,NORWALK,CA,,2025-03-19-1117
FOOD AND DRUG ADMINISTRATION,"ONTARIO, CA",5810,140262.0,ONTARIO,CA,,2025-03-19-1117
INTERNAL REVENUE SERVICE NATIONAL OFFICE,"STOCKTON, CA",12015,352524.0,STOCKTON,CA,,2025-03-19-1117
INTERNAL REVENUE SERVICE NATIONAL OFFICE,"EL CENTRO, CA",5120,174477.0,EL CENTRO,CA,,2025-03-19-1117
OFFICE OF THE SECRETARY,"MIAMI, FL",2357,69950.0,MIAMI,FL,,2025-03-19-1117
UNITED STATES FISH AND WILDLIFE SERVICE,"DORAL, FL",7747,268096.0,DORAL,FL,,2025-03-19-1117
OFFICE OF U.S. ATTORNEYS,"TAMPA, FL",108007,2794477.0,TAMPA,FL,,2025-03-19-1117
"CORPS OF ENGINEERS, CIVIL","JACKSONVILLE, FL",196716,4344719.0,JACKSONVILLE,FL,,2025-03-19-1117
INTERNAL REVENUE SERVICE NATIONAL OFFICE,"QUINCY, IL",2967,57487.0,QUINCY,IL,,2025-03-19-1117
INTERNAL REVENUE SERVICE NATIONAL OFFICE,"CHAMPAIGN, IL",4945,93630.0,CHAMPAIGN,IL,,2025-03-19-1117
INTERNAL REVENUE SERVICE NATIONAL OFFICE,"MARQUETTE, MI",3122,54343.0,MARQUETTE,MI,,2025-03-19-1117
INTERNAL REVENUE SERVICE NATIONAL OFFICE,"COLUMBUS, MS",2301,38973.0,COLUMBUS,MS,,2025-03-19-1117
INTERNAL REVENUE SERVICE NATIONAL OFFICE,"NEW WINDSOR, NY",12034,314988.0,NEW WINDSOR,NY,,2025-03-19-1117
FOOD AND DRUG ADMINISTRATION,"COLUMBUS, OH",4399,121125.0,COLUMBUS,OH,,2025-03-19-1117
INTERNAL REVENUE SERVICE NATIONAL OFFICE,"MAYAGUEZ, PR",2381,75180.0,MAYAGUEZ,PR,,2025-03-19-1117
OFFICE OF U.S. ATTORNEYS,"PHOENIX, AZ",72980,2217818.0,PHOENIX,AZ,,2025-03-19-1117
OFFICE OF U.S. ATTORNEYS,"OCALA, FL",8542,206876.0,OCALA,FL,,2025-03-19-1117
GOVERNMENT ACCOUNTABILITY OFFICE,"ATLANTA, GA",22296,487199.0,ATLANTA,GA,,2025-03-19-1117
OFFICE OF U.S. ATTORNEYS,"PEORIA, IL",21631,669873.0,PEORIA,IL,,2025-03-19-1117
RURAL HOUSING SERVICE,"BANGOR, ME",22417,560526.0,BANGOR,ME,,2025-03-19-1117
FOOD AND DRUG ADMINISTRATION,"ST. LOUIS, MO",51963,2457367.0,ST. LOUIS,MO,,2025-03-19-1117
NATIONAL OCEANIC ATMOSPHERIC ADMINISTRATION,"NORMAN, OK",18743,484325.0,NORMAN,OK,,2025-03-19-1117
NATURAL RESOURCES CONSERVATION SERVICE,"TEMPLE, TX",93641,2448956.0,TEMPLE,TX,,2025-03-19-1117
GOVERNMENT ACCOUNTABILITY OFFICE,"VIRGINIA BEACH, VA",15519,377093.0,VIRGINIA BEACH,VA,,2025-03-19-1117
OFFICE OF U.S. ATTORNEYS,"GREEN BAY, WI",5364,71009.0,GREEN BAY,WI,,2025-03-19-1117
"CORPS OF ENGINEERS, CIVIL","CHICAGO, IL",67600,2356195.0,CHICAGO,IL,,2025-03-19-1117
EXECUTIVE OFFICE FOR IMMIGRATION REVIEW,"PHOENIX, AZ",23048,726528.0,PHOENIX,AZ,,2025-03-19-1117
INTERNAL REVENUE SERVICE NATIONAL OFFICE,"VISALIA, CA",6936,208585.0,VISALIA,CA,,2025-03-19-1117
INTERNAL REVENUE SERVICE NATIONAL OFFICE,"MODESTO, CA",8673,234073.0,MODESTO,CA,,2025-03-19-1117
FEDERAL LABOR RELATIONS AUTHORITY,"WASHINGTON, DC",33490,1712141.0,WASHINGTON,DC,,2025-03-19-1117
INTERNAL REVENUE SERVICE NATIONAL OFFICE,"SARASOTA, FL",12941,369202.0,SARASOTA,FL,,2025-03-19-1117
"CORPS OF ENGINEERS, CIVIL","DAVIS, CA",11180,508914.0,DAVIS,CA,,2025-03-19-1117
NATIONAL PARK SERVICE,"FLAGSTAFF, AZ",3991,163170.0,FLAGSTAFF,AZ,,2025-03-19-1117
GEOLOGICAL SURVEY,"GRAND JUNCTION, CO",44747,1214783.0,GRAND JUNCTION,CO,,2025-03-19-1117
"EMPLOYMENT STANDARDS ADMINISTRATION, WAGE AND HOUR DIVI","SALT LAKE CITY, UT",3882,170250.0,SALT LAKE CITY,UT,,2025-03-19-1117
NATIONAL PARK SERVICE,"FAIRBANKS, AK",14554,385447.0,FAIRBANKS,AK,,2025-03-19-1117
